4.7941966,4.0149183
-3.516873,24.187916
18.259169,-15.003458
-0.83094835,-17.363907
46.51518,-18.571764
0.80097675,-51.374622
-44.524895,-15.345857
-27.204739,-6.0685167
-21.665827,40.26804
-4.7133813,55.018673
22.173988,-9.664154
-41.231354,24.406185
-2.495258,-52.188255
-31.697092,32.792538
49.449184,14.7880535
-0.4096376,-51.637417
-14.043793,45.896175
-7.1911063,21.030088
-51.3076,-8.604823
-47.576054,-13.492238
-11.543477,47.836887
26.68579,-1.6515397
38.009926,13.913004
-8.041085,-12.310713
47.084625,15.231337
-5.71196,-22.857843
-5.788584,53.186974
-53.626415,-0.30947107
-2.94776,-4.134235
13.225294,-19.664623
54.204735,7.162334
4.922746,-50.13319
19.877983,-43.96341
-27.621496,36.169815
-21.479542,40.412483
-0.011609493,-16.214142
-29.539455,34.496
-28.522524,-7.741088
-21.304499,4.4833064
-52.343918,7.9446244
-38.132915,-9.16615
-16.117144,44.277348
-9.269701,-54.22336
-49.846672,14.756277
49.700855,13.6187105
-28.096004,-6.7249293
21.556065,-10.68878
54.152855,-2.5639908
10.536422,10.115826
-9.460869,-54.127167
-5.1265516,54.471966
-22.855629,2.4011106
-8.093947,-12.69067
-52.859104,5.3725476
-8.917198,-53.49426
-45.088154,16.434086
40.95227,15.166062
3.7519367,22.02599
12.921181,14.893696
-35.794163,-15.058167
12.017263,22.762089
54.310635,-1.4753234
-5.156724,-6.9918294
-43.096344,21.193302
-15.55006,44.72617
20.700478,-11.804844
30.944422,5.6173263
-2.4125686,-3.5453262
-2.7892866,-3.9647112
-8.59068,50.75414
-28.951601,-8.407654
23.094719,-7.642343
11.42696,-48.00328
26.651081,-2.400667
3.4121113,2.391911
54.170837,6.6567783
-7.96066,-13.354651
41.547485,15.29616
3.1488113,2.1614609
-1.6824127,-2.7379785
-24.417706,38.206062
54.701447,2.004239
54.6619,4.4674335
-29.21888,34.73219
-7.289268,-21.074278
-15.8491535,12.070205
-8.373685,50.456306
-15.174369,12.868957
52.364223,-8.428352
53.46664,-4.8236666
-7.8500977,-19.576841
-3.8969784,-52.60732
12.704367,14.169131
27.506989,-38.333035
-5.988503,56.451584
30.759018,4.9111614
-43.521664,22.276373
-45.035023,20.648405
-26.620407,36.40268
10.154223,9.588839
-7.3062496,21.46094
-35.02714,29.097948
-18.721073,8.236919
-38.364357,-9.211566
-6.278569,53.48941
23.54386,-7.8432
-31.65729,32.838432
-40.5991,-16.503296
-44.43342,-15.878015
-38.702778,26.766722
-9.704063,49.44432
13.517612,19.022337
1.2394183,0.30604416
31.274002,5.478088
15.044766,-17.791935
-4.798451,-23.525127
-6.833291,52.36619
-29.37652,34.596176
19.4678,-13.646333
24.395895,-40.71923
-39.951805,-16.583138
24.229372,-6.236492
-48.833996,-12.403632
34.09029,7.11898
4.8690915,-50.482605
-7.264578,20.934465
-34.34543,-14.014451
-48.37609,16.555225
-37.260822,-9.985096
54.49499,6.778158
-31.992739,-11.380235
-7.7353377,51.44172
-4.7101645,-6.4158993
38.342907,14.0894375
50.556545,-12.272152
1.7439619,-25.429804
-22.200228,2.7800167
-0.7264053,-51.63543
-53.143276,4.623962
-5.4528403,-7.7776237
11.685836,-20.923136
-6.6609807,21.631563
49.39969,13.78385
-7.5970035,-20.005524
31.104258,5.2020826
52.639442,10.397876
43.099525,15.465812
29.974113,3.6362538
34.1504,7.204879
45.73445,-19.511944
51.306366,-11.073707
-30.416628,33.840374
36.87425,-30.35875
49.57592,-14.089359
6.991379,26.583569
6.8678803,-23.901749
21.235378,-42.854824
-12.578465,15.652551
-2.117938,-24.637781
42.285683,-24.008392
-40.493404,-9.667545
31.975704,6.9202156
-11.207181,17.438414
-40.884487,24.913548
-8.728585,-53.846703
-46.996204,18.310564
3.0250063,21.229979
21.440105,-42.699078
3.8777668,21.990232
17.574636,-8.814047
-20.163292,7.339291
31.353363,-35.43677
22.86823,-7.990834
-26.945446,-5.12453
4.0384116,-50.566097
-21.785961,3.730898
-35.770283,29.535028
13.969165,-19.052773
-53.30967,-0.06352569
13.587427,-46.44964
-50.07216,13.636375
40.301487,-26.813538
0.64292777,-0.16698407
-14.112676,-55.27239
-23.042753,1.7592382
-28.22422,-7.010984
27.331257,-1.465394
-51.413036,11.067048
-53.618134,0.3673301
-52.637,6.477969
-9.645611,-54.165493
8.952758,8.168082
-41.37486,-16.243692
-9.416353,-53.60435
51.409454,-10.740656
-52.9058,6.5421014
28.403347,0.87495774
-27.934002,35.83954
-35.778015,-15.700574
4.293969,3.3638992
23.330498,-7.5181093
-0.569415,25.746082
-47.091022,18.122766
54.693264,3.656873
0.9458884,-25.31623
-53.25976,-2.2674947
-38.48599,-16.113308
22.689987,-8.823014
17.103548,-16.211939
-26.354267,-4.0804505
-51.111927,-9.018065
5.2632174,26.972235
42.58448,-23.598873
10.388912,-48.401997
22.151901,-9.701968
20.534851,-12.738669
-27.816404,35.596443
27.983583,-37.843292
-6.7999244,-9.765296
-34.08303,30.80524
13.893546,-47.194935
3.3197672,27.02624
-25.67718,36.936165
2.4177048,26.847181
54.609238,-0.8937047
32.90997,-34.16683
51.63877,11.741574
11.232964,-21.221992
-35.646973,29.618061
-5.7535176,-7.5894966
-18.055687,42.66291
-42.135838,-16.119484
-1.8326902,58.624943
52.72758,10.217374
-2.884262,-52.29452
-27.606262,36.180027
26.017462,-3.243845
-12.262183,-54.672905
7.2254205,-49.56435
-17.480354,9.808977
1.2824162,0.40646544
7.0763907,26.849403
0.56599206,26.274963
-2.528253,-52.15419
5.828408,26.903883
8.901938,-22.742233
23.505386,-7.9695177
10.436326,-48.393055
-18.65259,7.738651
28.036411,-38.29296
-31.246544,-11.496875
54.02421,-3.097379
-7.9480305,-18.816587
12.43817,13.160143
-20.09294,41.571674
13.4161,19.39185
-49.265163,14.538922
-16.848055,41.44059
-33.13765,31.414438
-6.097571,-53.07817
-25.04559,37.785984
-39.748215,25.938818
11.531682,-47.961853
-31.795843,-12.090848
-29.56965,-9.620366
-49.060387,-10.343965
-8.839739,19.776459
4.925934,3.5409873
23.510065,-7.5697656
54.37958,-1.7922171
-17.863878,42.75995
-48.89662,-12.357279
46.120934,15.046705
7.3883395,-23.643131
-8.298448,-13.519126
-3.1990585,24.351389
18.433453,-44.526844
4.340102,3.2704663
-32.659504,31.94017
6.474418,-49.774616
-21.239695,4.6336594
-4.6491394,55.118748
31.98484,7.2070074
-8.07872,-12.651871
32.667328,8.032154
-7.653444,-12.220562
51.199493,-8.7198925
2.9232333,26.949738
-24.277992,-0.38882485
40.08264,14.771305
-23.472807,1.0162004
-44.14281,14.563266
-38.42282,-11.187196
-8.041089,-12.310712
10.036206,25.11318
-39.152805,-9.349905
-36.403072,-8.302649
-52.688717,7.3932276
53.711304,-4.8868756
53.153614,9.495353
50.81849,-12.1565075
-52.06064,0.2848967
-53.106094,4.8973193
54.626926,4.950437
-5.8972716,-22.717503
-51.1467,-9.743976
27.028147,-1.0169096
4.0929136,27.107798
2.5938134,21.143686
27.32951,-1.4635398
-46.501625,19.095797
-16.52134,10.900763
-33.634125,31.161861
-13.717446,14.378499
-9.358628,49.800976
55.914536,0.5278562
40.105446,-27.024797
-29.510235,-9.272841
16.468378,-9.552682
-1.2003124,-2.2215612
9.930168,25.196335
10.565957,24.644907
-36.89821,-15.600587
21.117786,-11.41342
-53.027866,-3.6261706
-16.7814,11.235168
27.080538,-1.9368613
50.13523,13.295468
-6.882284,21.794743
-45.377823,20.288206
-30.11506,34.069134
-28.881702,35.008
29.540043,2.8673408
-51.938934,-7.2966285
12.195082,-47.75485
-20.04912,41.12491
-34.74841,30.231955
-34.18501,30.721083
3.7974756,2.752235
-25.827274,37.4149
-23.918522,0.23177134
-2.6651647,-24.966179
-0.9515901,-17.427511
-8.357091,20.466843
6.8681993,5.848622
10.967238,-21.6961
13.615369,-46.556934
-18.016466,43.123
54.53407,6.256546
-42.168446,-16.618288
-0.1699144,25.935127
10.661062,24.549736
-37.636818,27.695118
1.8272485,-13.19203
21.087257,-11.476975
-7.592238,20.938482
12.701529,21.446932
-44.150085,14.645634
-22.657885,2.811564
-3.147652,-4.385922
2.7029552,21.168955
-14.340923,13.822141
0.24187803,-0.41099837
-34.32623,-14.660859
29.628252,3.0267856
-11.042139,56.866585
-19.036486,7.543091
48.144844,14.563247
-49.343475,15.070121
10.883151,10.578597
-5.708385,-7.48466
29.038668,-37.249348
1.3127215,-51.208637
-53.666313,-0.92417914
42.84016,15.457807
48.90557,-15.301088
-51.52169,10.290502
-13.758305,-55.16219
-22.528954,2.2841754
-32.270832,-12.527414
12.836368,21.159636
23.582405,-7.2915206
38.540813,14.1980095
-53.220615,4.1027145
-35.576435,29.600147
-30.675634,-10.78432
-7.2344465,-10.816222
-36.558586,28.662516
-1.1739897,-51.9737
-8.514969,-18.737453
-29.863459,-9.614811
-0.8291025,25.61534
-6.328583,56.63176
50.697853,12.772808
-36.048767,29.296202
53.153538,9.485825
-40.57976,-9.587009
-40.502342,-9.662438
3.075541,-25.002398
-44.49798,21.23351
-43.147255,22.662973
7.878323,-23.414211
12.250433,13.237257
36.603336,12.950659
25.855083,-3.4819698
28.238495,-38.01838
-31.175203,33.235455
32.342777,7.201955
-0.19445671,-1.1210911
-6.086968,52.941742
-17.591688,10.238882
-0.8074747,59.406208
-7.463464,-20.538473
-45.29383,-15.466238
-36.698704,28.53668
-52.36379,-6.4321795
-51.115025,10.841701
-7.9956355,51.029503
-44.54633,-15.910655
20.318943,-12.064036
-51.931637,9.151013
-53.60643,0.8841871
-30.93218,33.42458
-50.219807,3.8761778
-27.188982,-5.400293
6.1365423,4.638314
-10.697967,48.54151
23.146063,-41.49688
-20.997107,8.981119
-1.318278,-25.085659
-11.718081,16.811737
28.921986,-37.453274
-36.194996,-8.952051
-6.576581,-21.9755
35.069202,11.335346
-0.67300606,-17.635315
-15.511371,44.76112
-49.941795,-11.290416
-44.33475,-15.680634
54.673904,4.3472013
55.779232,0.6179386
46.26218,-19.550163
-18.306421,8.936432
6.4289107,26.750544
-6.0631995,-8.50672
24.042671,-6.563673
-30.382198,33.865433
20.238998,-12.156077
-27.233994,36.440407
-42.06686,23.863035
-25.370958,-2.0824208
-39.205536,-16.287912
37.44807,13.343411
45.90786,15.113432
15.849843,-46.020462
53.43351,9.005637
10.474785,17.170275
4.9751053,27.073986
10.89349,24.288736
-51.89744,9.283912
-44.39241,14.470811
48.136475,-16.608376
-0.5070757,60.172012
33.007786,8.622457
10.5073805,-22.123278
27.315351,-1.5141199
12.874361,20.816381
-49.580154,15.017739
13.956526,-47.125736
-34.244583,-14.585631
-47.757084,17.439466
10.684542,10.314997
5.325876,-50.412563
-6.317465,-22.504673
0.73731446,26.345455
28.903017,1.7835077
-6.7747326,-21.74393
12.594895,17.884476
-4.420404,55.4474
-5.312351,-52.90384
-30.574005,-10.669317
-6.0633144,-22.374628
25.20922,-4.589892
-37.79798,-15.91389
-25.31824,-2.0609052
-5.7424684,53.345676
3.786784,21.999445
-8.353956,-19.301273
31.126673,-35.6342
41.352543,-25.485668
-8.293048,-13.512195
-8.807977,50.324802
-3.271025,56.778538
-27.561766,-5.712206
-19.41368,42.081093
36.79336,13.232748
7.3836746,-23.648785
-43.457546,22.33023
6.0787334,4.5917206
-33.01477,31.76065
0.14847362,26.064217
-8.5130205,20.044523
34.569046,-32.267582
-33.26885,31.413572
44.81492,-21.094482
49.408978,-14.405695
-1.8308257,58.61094
-4.303299,55.617886
-10.012021,-54.154915
-21.941504,3.4915736
-28.374937,-7.4740243
-8.249061,-18.389465
-52.448105,7.10818
13.860422,-47.21491
-42.526703,23.265907
35.704773,-30.639471
-40.5991,-16.503296
-41.825306,23.885492
3.3079875,2.301785
-16.135912,11.556733
-28.11122,-6.677471
-35.131874,29.153286
-18.398684,8.831649
15.308235,-17.587605
8.453769,-23.288713
0.17070778,0.97161037
15.841216,-17.169416
10.417355,-22.183498
4.081423,-50.561954
38.492893,-28.766829
-53.03001,0.8382926
-0.25314358,-51.671143
-2.4471076,57.551468
-18.81577,8.107416
50.586105,12.886386
11.582533,23.455679
-45.4254,-15.215002
-51.404713,11.072946
6.162746,4.745791
-12.864858,15.870309
20.625452,-12.64439
-12.147569,-54.640076
41.202595,-25.561245
-53.297756,-2.3195677
-0.52753186,-25.18481
45.668163,15.533148
-2.2176683,-3.3199635
-8.230896,20.715902
35.325043,11.547944
29.209675,2.3021276
-7.1828055,-53.3404
-49.99096,-11.201579
-53.061428,-1.1926979
-53.606525,0.8842317
-47.904907,17.255232
-49.27192,14.636593
-23.91853,0.23176579
10.207549,24.96101
-12.843714,-54.89563
47.189186,14.968145
1.4978151,0.68508536
-34.99033,-14.712583
-29.829905,35.525257
43.627026,-22.595367
-27.650953,-5.847439
30.297085,4.183564
21.621958,-42.58617
-11.2365675,-54.349598
-26.116266,-3.6467319
-2.6481822,-24.51398
13.290043,16.431055
15.044041,-17.787804
8.005881,10.693855
-20.695923,40.960285
19.593534,-43.5993
54.625572,1.0391073
11.832309,23.043509
-51.249447,11.350638
-51.604107,-8.554962
27.644741,-38.641907
26.812338,-38.709145
50.645157,-10.687632
2.8395078,-18.139208
-51.033676,-9.487528
54.162075,-2.5468798
-48.292866,-12.88541
29.209679,2.302136
-52.436604,7.7190332
11.916934,11.884464
-2.6323328,57.740097
-1.4342774,-51.67106
-7.5695453,-20.679289
-52.144703,-7.066895
2.7348917,-50.878025
-41.38116,24.472862
-11.862232,47.593678
-22.86707,2.2014577
-42.04709,23.852861
-32.39655,32.21915
5.099517,-24.637753
-1.6708797,-2.724765
-53.039234,5.903028
9.881922,-21.96924
15.989292,-17.623014
-19.035837,7.542673
-2.2589507,-25.093687
-1.0419747,25.52141
12.247755,12.280792
-6.8699603,52.682804
-8.338468,-15.227937
35.339684,11.759347
-35.826984,29.447247
49.028767,-15.092389
-15.016387,13.037389
52.24801,-8.821595
-31.211658,33.193577
19.125315,-14.039394
50.181572,13.169223
27.092215,-39.028812
34.210766,-32.94402
-48.786926,15.909153
-33.96535,-14.216886
24.521994,-5.763731
-50.80577,-9.446716
-39.026436,-16.240871
-5.803145,53.581234
36.81661,12.844389
2.7855294,-50.86716
-47.75986,17.519814
13.449579,-47.36663
8.20615,-23.000153
0.11117029,-50.98975
-51.628704,-8.611879
-36.535812,-15.429369
46.04389,-19.827066
-8.3708105,-14.07734
-25.066916,-1.7840643
-3.4499354,24.223951
11.860563,-47.84446
-39.46924,26.175823
53.634983,8.523487
12.057788,-20.6176
11.156337,23.981356
40.64872,15.10087
-12.22182,47.270508
-37.082325,28.213673
-3.885765,-5.317955
-8.972606,19.612955
-21.014248,40.774326
8.3472185,-22.890085
-16.48625,10.920518
-2.5012386,57.431293
-2.5730762,-3.7195837
-28.256632,35.44168
16.863821,-45.39068
-1.7639916,58.252403
-0.5216961,60.052753
32.276737,-34.69295
-34.76286,-14.18179
5.3848863,-24.5321
5.7656817,-50.32655
34.45877,-32.453205
-32.369366,32.260307
-53.22244,4.0877333
-4.05677,23.758612
-2.6768456,-24.962467
45.67321,-19.628265
-49.44211,-12.002883
41.94517,-24.5096
-17.933695,9.091767
33.388073,9.177258
52.40268,10.963259
-18.366632,42.60267
-52.112854,8.705719
53.357677,-4.9743724
25.070883,-4.824906
53.84384,-3.831424
-7.512937,-53.41323
49.637207,-13.611879
6.6630855,27.062403
-1.9053547,25.094292
23.296251,-8.31715
-14.031652,14.416365
38.645138,-28.585348
-46.799747,18.731825
-4.7391877,-52.942883
-1.4578433,58.46044
-5.43645,-7.7668915
-48.95296,-12.327752
-18.024666,9.034537
-13.389716,46.282585
1.8023633,26.6856
8.591926,-49.094563
-15.279851,12.713685
7.241628,6.2793813
32.47967,7.746243
-16.503164,44.00737
-41.259007,-16.630083
-19.547705,41.58068
40.96181,-25.76857
-3.7649348,-52.547493
-39.97236,-16.588884
-34.718697,-14.818001
27.156939,-38.569927
-4.9930177,23.374247
-35.90846,29.016127
-53.13201,5.489587
-32.310665,-12.570333
-43.82153,21.943783
11.635927,-20.972641
35.574642,-31.643423
4.0522046,2.9855409
1.1397086,26.263111
2.4790716,-25.044638
-12.370051,16.173529
8.56159,-23.24059
-26.609894,-4.5102024
-12.642731,47.002285
45.89717,-19.33049
47.007114,14.891624
-3.9141145,56.112762
52.95565,9.855063
26.48808,-39.417973
12.610685,13.87088
26.287048,-39.18636
8.45228,7.600815
15.249061,-46.473816
4.750428,3.966949
-18.016348,43.123264
-5.1986046,-5.415623
-4.924453,23.055412
41.20717,-25.697128
-45.57085,20.075712
39.46083,14.675283
11.685584,23.25835
-7.914045,20.270615
3.4676883,-25.302176
-29.250896,34.69628
33.64065,9.46532
-45.43934,20.215015
-2.2852595,24.88874
51.94844,7.1079116
-20.081268,6.2432265
27.52301,-0.63569224
-1.8176957,-51.811028
12.64444,-47.383698
-19.102757,42.218613
46.178097,-14.844076
13.093114,15.537206
18.259153,-15.003462
54.656,4.2897787
1.1397479,26.263035
-23.176054,1.5224785
-27.08538,-5.6689515
15.254519,-18.269018
-29.716536,-9.301861
35.79139,12.357868
-41.145767,-16.470148
2.4677024,-25.462843
-47.01401,18.531502
-51.127594,10.831935
36.871647,-30.362171
-21.93246,40.051346
-2.2036977,-24.605114
-22.64139,4.6424084
51.5785,11.827387
30.69825,-35.975266
-2.0408537,-52.211548
14.87675,-18.309597
12.883811,-44.94042
51.394054,12.021944
-25.59068,-2.9218252
-13.686209,46.188496
-53.420647,0.5737703
-50.1253,13.531601
-48.914932,15.694529
53.48783,9.029205
11.995839,11.903706
15.212364,-46.393562
54.693504,-0.5892277
2.6134646,-18.102077
-49.69043,-11.431291
45.90578,-15.386152
49.515137,-14.321388
37.005867,13.386262
-8.345148,-15.508945
11.165726,-21.311823
45.93126,15.589679
34.446075,10.551128
4.7307277,27.121826
-13.132007,-54.962555
-34.93445,30.09875
35.93406,12.124751
-40.023804,25.687452
-37.62972,-8.991477
-6.4732227,-9.219188
13.498438,-47.356186
-32.804623,-13.0284605
3.3685014,-50.732384
24.33651,-40.753944
-43.11869,15.059745
-50.1928,3.6497726
-3.1011987,-4.340977
-26.027588,-3.4760914
1.8341165,0.98766726
-41.71062,-16.633572
54.691185,3.6993046
-11.807705,47.62899
12.121258,22.541624
2.5473585,-25.494719
-6.461159,-9.176297
35.8823,12.083073
-24.513056,-0.7954364
-40.099342,-16.282288
-41.470806,24.239702
-49.88529,14.687864
-13.033929,-54.955246
24.312487,-6.0941906
-35.763905,-15.810906
26.46677,-38.9668
-17.202488,43.369453
27.481586,-0.8382871
34.834084,-32.63327
-8.403506,-17.980026
46.53105,14.979071
-43.07555,-16.153093
-52.53434,-5.7465696
-8.429781,-53.60273
3.3197615,27.026258
53.70902,-5.0212126
11.188079,-48.095737
11.581242,11.968185
35.047707,-32.169212
4.520887,3.739437
-42.374546,-16.12651
-53.629543,-1.2787712
-45.902184,18.551836
-47.288506,18.257145
35.136917,-32.024574
-41.530685,-16.187069
48.183994,-16.541904
32.85882,-34.20791
8.387902,26.199335
50.1019,13.330261
-4.0004716,57.71197
49.476418,-13.829315
-28.461906,35.30978
-31.313736,33.083527
1.6334736,0.8081163
9.104613,-22.782583
12.944107,-19.90447
2.0939538,1.2145373
-6.256365,-10.193956
-3.413468,-24.398178
46.376217,15.5440235
-23.231583,1.4109023
-9.723131,49.435844
51.919407,11.433976
-53.65355,0.6638301
6.2799606,-24.161638
30.825945,5.45476
5.6387897,26.934475
14.847626,-18.336191
13.412025,17.179823
38.067535,-29.159815
-13.249766,-55.010063
-10.112924,18.074047
-3.945595,56.071995
32.390938,7.5760636
-43.7244,22.064877
-42.472443,-16.523563
14.853985,-18.20255
-8.153517,-14.140034
2.5428617,-18.026644
-21.682978,3.8716452
18.710377,-14.508904
-6.81331,21.417341
-18.732035,8.127424
-53.148685,5.4191465
32.98059,8.572623
-39.210384,23.987186
-29.145336,34.730885
12.155619,22.507774
-2.3729608,-3.4998732
9.515598,25.51794
16.06656,-17.258615
-22.12791,3.2411537
-1.006985,-2.0181096
-20.933065,9.194837
54.67448,4.177605
-34.963757,-14.67816
-51.04368,11.223752
40.8936,16.311598
40.1164,15.155827
49.98393,-13.370006
-26.235662,37.045628
-6.416583,-22.31489
4.6004367,3.3024971
50.72236,-10.764129
-50.86106,-10.102772
2.4544635,-1.1998659
-2.0927725,-25.109766
-33.650345,29.90554
48.4291,-16.146992
20.067293,-13.196115
12.330298,-47.571053
-39.67402,-16.31552
-2.8651934,57.169464
2.3353407,-50.97101
6.463956,-49.782345
-2.5685058,24.735498
13.189334,-47.2377
7.890405,-49.34571
-20.72857,9.421566
-27.691065,-6.0315776
12.951257,-47.586746
20.488935,-43.19915
30.390202,-36.225914
54.186874,-2.361874
-8.479038,-19.011564
40.428196,15.247902
25.45383,-4.169958
53.6578,8.4794235
29.785267,-36.708813
11.656519,23.305851
16.863783,-45.390705
-7.3487787,21.427244
-19.08111,7.4689293
48.036366,14.629015
40.9688,-26.16346
-16.384222,44.071888
-20.342894,41.376827
-26.342445,36.635345
-5.180128,-52.788315
5.137285,-50.454933
11.192061,23.937853
54.616398,0.9755869
-19.450779,41.69124
11.04659,24.104532
-37.173916,28.12151
42.916454,-23.265087
23.13185,-8.427642
-22.777449,2.0797994
-45.87124,19.74951
33.391914,-33.68837
-3.528168,-24.322065
-7.05236,-21.386724
8.378188,26.204512
40.507256,-26.567396
-27.44815,-6.437473
53.765965,-4.19704
7.169418,-49.573215
9.96514,-48.566715
28.39521,-38.027546
-33.373203,31.533962
-46.052364,19.566734
40.88805,-26.179012
7.6371636,-49.51264
-30.007313,34.150387
-13.059554,15.197713
-6.6624665,52.467007
20.528322,-43.44448
5.280693,4.536296
51.020107,12.444201
26.142157,-3.0818105
20.020254,-12.547904
-0.14938076,-25.223356
-4.299897,55.620922
-6.8327994,21.79495
9.921114,9.297208
23.53061,-42.31427
-2.2517354,57.850754
7.954973,-49.338154
37.00337,13.389657
-4.189572,23.717176
37.75819,13.764713
-39.2462,26.343048
39.504383,-25.911728
-24.74952,37.981434
43.16827,-23.65026
-6.224973,-8.754327
10.381631,-21.565866
-14.166245,14.075101
-52.317394,8.175998
6.2501526,5.181671
19.683165,-44.032
5.923454,-50.262287
37.660606,-25.396685
-9.572549,49.57904
11.719181,12.485284
15.638853,-17.883698
5.880294,-50.29644
-33.766613,-13.913154
-52.952057,0.9155327
31.482084,5.9199014
11.224214,11.111046
30.650402,4.7254834
31.275719,6.010925
22.88506,-41.691433
50.32051,12.993694
-21.120903,40.739254
0.17024866,0.9713018
41.74806,15.327975
28.303205,0.73517823
-6.7915993,-9.740552
-42.05263,23.547611
7.5703998,26.567955
-7.9587746,51.213474
-25.199041,-2.310769
-10.240131,48.908367
3.9265444,27.0911
48.570576,14.292726
-47.93316,-13.187039
32.73017,-34.33223
-4.0010405,57.71179
-8.532429,50.417557
-0.20377968,-51.926723
9.602522,8.902575
-52.056217,8.877706
30.717354,5.085948
-0.800209,59.917877
-2.9017124,-52.295452
3.3157969,-24.989265
-16.987694,41.274742
-4.8992414,-52.91831
48.72151,-15.642414
27.220182,-0.8863706
-22.33749,2.487325
54.519547,-1.1307293
2.3578966,-25.081436
-4.7139835,-6.424931
45.41292,-20.312435
37.717247,-29.307516
30.479818,4.476538
40.819176,-26.029118
30.294882,4.1809115
43.800774,15.463745
-9.009662,-54.029583
19.780409,-43.495693
49.970955,-13.933716
13.456295,17.983086
20.280142,-43.305515
-13.417791,15.142323
9.521016,8.820451
37.777958,-29.66049
6.6458516,5.6146097
20.320904,-12.061815
5.8515506,27.249903
6.3586006,26.782015
-0.57795733,-51.607056
1.6830063,-25.391497
-7.9597526,-13.789608
26.219015,-39.316517
-6.0630255,22.297249
-51.891285,3.8016331
-5.2008057,-5.4188495
21.48523,-10.8027935
-7.785426,-12.031964
13.317524,16.584623
-13.736972,14.361789
-3.8144326,23.951384
54.411015,-0.4733216
-51.00964,11.535729
-30.647797,-10.7435
46.37006,15.545729
13.450588,17.538551
52.247734,11.087908
48.6298,14.261955
15.879061,-46.0026
3.797026,2.7525055
-29.730572,34.364338
-4.974854,54.691082
5.7174845,-49.85853
-46.120068,-14.705927
17.262136,-45.097313
28.705221,1.3998138
-16.309475,11.098981
10.086623,-22.314257
50.570877,-12.288912
1.8245934,-13.210412
-41.758667,-16.617329
35.541824,-31.663454
-8.439731,48.971684
-7.795908,-12.870147
-41.126022,24.578175
40.619137,-26.428612
28.442911,0.9722145
42.089027,15.378903
-2.0756505,25.004156
40.521576,14.844598
54.706635,2.329755
-43.16373,22.681906
-9.526511,-53.649998
5.8437843,5.193213
-44.524902,-15.345874
-51.152344,-9.750408
-8.049545,-20.200943
49.6984,-13.569123
54.186886,-2.3618784
-5.434462,-52.923683
1.8128378,-13.248334
-18.462328,7.9576135
-26.386902,-4.134937
12.102525,-20.57994
-39.51255,24.341831
54.311882,-1.8817211
-51.440956,10.433296
-10.913707,-54.231453
-51.322586,-8.600289
5.6681046,27.27666
9.141435,25.764582
3.7908232,-25.0703
-10.576638,17.662586
7.578788,6.6358476
-34.255955,-14.597862
54.613792,0.9340926
26.823399,-1.267032
-52.505276,-5.859315
-52.440975,7.1353145
43.278053,-23.096693
54.130394,7.2925725
12.234252,22.404158
8.92759,-21.315783
-0.3961527,-1.365399
-45.328888,-15.29232
-34.326485,-14.660335
-6.228792,53.52716
-45.056366,-15.7135315
53.434547,4.5780044
0.07984657,-50.89363
18.941391,-44.224792
52.7731,-7.296299
-3.311113,-24.465002
54.57111,0.10571606
-12.906605,46.53464
-20.321207,41.157944
-52.92998,6.5113587
-53.214546,-2.7145603
54.686737,3.2535994
-49.00543,-12.048664
-1.1493095,58.88482
54.488636,5.9784985
-43.283737,22.373695
54.60463,-0.30578887
2.3033004,-25.491598
27.084978,-39.027946
-6.111804,53.612446
33.356438,-33.716026
31.112581,5.2108316
52.314724,-8.597495
-53.301212,-0.23576343
13.231055,16.155478
-7.5378823,51.65443
47.891,-16.943878
31.800121,-35.105785
12.668351,-47.720432
-3.2611163,-4.5266843
-7.95026,-18.814564
-13.068701,-54.944473
-8.308559,-14.733096
28.871948,1.7005817
44.76814,-21.15453
0.8167941,-0.13673659
-50.445072,-10.470644
53.096355,-6.383688
17.551554,-15.75243
22.471386,-9.168601
-1.0274534,-17.263113
0.67039514,-16.781683
-14.489113,45.543327
20.00092,-12.58301
-12.743146,-54.82398
4.651894,-50.37648
45.896225,15.119127
49.409184,-14.460786
-53.13161,-1.6985909
-0.688477,-17.624065
1.0597442,-25.323944
-2.179016,-51.95645
-20.82195,40.687565
38.535114,10.2146015
4.488379,-24.857544
-19.081955,41.85052
-17.013304,10.522314
-4.9491477,-6.698869
-8.505785,20.038645
8.41693,7.561768
19.91835,-43.932137
-52.031662,8.950904
13.033473,20.713903
-28.513147,-7.729088
46.355854,15.536721
54.66792,4.584393
7.62959,-49.52329
-27.980906,-7.15261
-42.59443,23.088018
7.3084126,26.739466
16.266867,-17.055958
5.3190985,3.926991
10.319399,24.86393
32.67232,-34.07038
0.2679328,26.11825
22.968218,-7.8307514
34.43731,-32.483967
-7.5799484,-11.659787
-47.52093,17.884928
25.801258,-2.162928
42.1832,15.392833
6.1275806,-24.229
-17.274086,43.55218
-0.50080013,60.161858
6.3217454,27.15209
15.630683,-46.168743
20.19303,-13.070052
-7.916087,51.201576
42.35348,-24.350708
-6.4002023,-22.246332
34.210762,-32.944016
14.39619,-44.829144
-52.25223,-6.6982894
46.814438,-18.350073
-8.486223,-19.001678
-27.12737,-5.9282327
3.4482691,20.676443
51.49206,-10.441211
11.603327,12.288391
-2.3301501,-3.4514127
-17.403221,9.902101
37.566006,-29.661135
8.900459,-22.892092
42.859314,-23.929268
-10.768874,48.467075
-24.84874,-1.3596328
-49.334362,14.88421
-23.783766,38.675026
12.837592,14.608927
-21.927475,40.051514
-16.860077,43.729923
46.817513,-18.349684
13.439145,18.908842
0.3799622,-0.72048455
37.991413,-29.416534
-13.724647,14.835057
-11.97713,16.527567
-1.1151468,-25.08352
41.67131,-24.982027
-7.1729956,52.04723
-1.8726494,-52.177673
3.4636478,2.4385142
-5.1246552,-6.9481387
-18.090315,8.616259
-44.879555,-15.842115
42.524582,15.435797
54.381687,-0.5323577
-1.6316628,58.92954
-8.437016,-17.369404
12.748037,14.3239
-13.129172,-54.961704
-28.003202,35.776993
-31.749958,-12.048987
51.064236,12.388062
-1.344214,-52.08688
-49.08164,-11.954509
-7.5514603,-20.694252
54.67983,1.4224882
21.073635,-42.950474
29.470745,2.7585287
-25.649673,-2.5879912
15.051582,-46.39471
-13.267356,14.948203
-4.525703,-52.490353
-52.02591,-7.480037
6.087417,4.58433
-2.5684946,24.735546
-5.5041504,-7.281827
-3.6008332,-52.478176
-20.4429,5.800836
53.639473,-5.213413
-51.521557,10.290511
36.090874,12.446422
-44.118122,14.768481
33.674023,9.510048
38.554173,-25.491385
-42.579563,-16.45071
-47.566643,17.631754
-21.517134,40.37686
36.034412,12.39862
-4.8991303,-52.578712
-6.3406916,52.61998
-6.1936574,-22.21303
-32.23655,-12.498283
-15.817935,44.53676
-25.66293,-3.1127436
-29.524311,-9.36661
-38.20993,27.180817
16.42391,-16.886713
-39.335484,-16.349825
34.83409,-32.633274
-27.709663,-6.8733664
7.658158,26.540602
25.71949,-39.68902
-29.207397,-8.836966
-51.529297,10.642063
12.922015,20.916985
30.32306,-36.276604
5.8806005,-49.842823
42.578064,-24.258732
42.062473,-24.57188
54.22654,7.138238
46.76366,-18.72491
-0.104951,-15.872804
-37.662003,-8.963991
24.38575,-5.978693
-44.682983,16.56976
-37.82365,-9.180397
12.560478,21.742811
33.05806,8.702474
5.1651964,27.28049
-18.749033,42.227795
-0.28595904,-1.251514
51.022736,-11.552307
46.56716,14.960675
-21.022694,39.638058
3.2166207,22.072073
-13.0080185,46.435272
-50.09166,3.2505953
-3.6385608,-4.9746943
-40.784927,25.005909
-9.430364,-53.61135
45.818687,-15.20245
-37.11462,-15.687459
-6.9774737,56.672653
13.39156,17.044716
-21.380001,4.3912234
16.536396,-16.781982
-49.88553,14.687955
-14.718051,45.38245
43.193634,-23.168003
13.396818,18.736944
-6.5579805,21.916645
-10.650764,-54.176487
-33.624287,31.169727
-52.37112,-6.2801194
18.917236,-14.261185
-33.023483,31.437012
53.19648,-6.133167
53.961132,7.773824
41.78784,-24.921343
33.454315,8.78997
-31.05964,-11.269448
9.85689,-22.412125
0.94713795,26.583982
-3.9079149,-24.086859
-49.54843,-11.482033
-45.01698,-15.7580185
38.68635,-28.543127
0.7650283,-25.312145
-37.150883,-11.165466
-40.04521,25.666836
-8.365532,-19.36109
-5.7596335,-7.7647104
20.867897,-11.858745
28.715414,1.488863
44.98113,15.427855
-27.76679,-6.3718696
48.38012,-16.230465
28.831175,1.6287154
-37.876484,-9.082625
3.5913534,-25.164062
-39.773823,25.91749
9.331916,-7.1279755
-23.347643,38.997807
5.808441,4.305778
-25.683903,37.48366
47.857994,14.7421055
45.624073,-20.162455
4.9255266,3.5405796
21.870659,-42.420055
20.701923,-12.546939
40.605637,15.175867
26.614597,-1.8604629
37.596764,13.675207
11.872199,12.652757
10.460629,17.029173
-4.3151355,-52.83929
8.891688,8.105534
-44.3365,-15.685196
9.012499,8.233953
-8.330714,-14.865616
-53.1784,4.349985
12.052791,22.711985
12.023134,-20.643877
4.9729323,27.165668
47.566784,14.868384
46.253757,-19.2372
-46.985115,18.545963
-30.683784,-10.79034
25.095322,-4.7856827
-12.518622,15.685415
11.59969,12.27799
43.070564,15.465429
-21.19737,4.7543936
-52.947094,6.0481114
2.5800004,-1.1096793
13.380314,19.713102
-6.5386147,-53.183826
-36.73982,-9.675334
-21.224882,40.57988
-49.77888,-11.612454
54.67665,1.3812077
52.647694,-7.6306777
50.061825,-13.516789
-45.92419,19.688757
51.92151,-9.587806
48.398426,14.412588
47.067272,-18.052893
10.975636,10.684782
1.5689456,-51.147842
38.223427,10.205073
23.774006,-41.09328
-7.419792,-11.232026
-42.77866,-16.203228
-42.93711,22.674675
4.2685194,-50.523304
-8.238912,-19.857706
51.04048,-11.5471115
-47.32882,18.211552
-15.64644,12.300333
-27.602427,35.67336
-26.943205,36.196228
-18.112574,8.558136
-52.619358,6.1823936
35.326008,11.72341
28.21418,0.5888503
45.447918,15.40095
11.995844,11.903692
-48.332916,16.62038
16.394094,-9.594923
-10.051515,49.110256
50.44479,13.134879
52.74201,-7.3652706
-6.3173184,-8.946359
46.80556,-18.53878
25.655886,-3.823683
49.072998,-15.004701
-9.067101,19.529238
54.552944,-0.12559333
-6.209364,22.193737
-45.072,-15.173049
1.8511811,-25.253727
19.749714,-13.049585
54.671005,1.3454155
8.92421,-21.315708
-39.317493,-16.33033
24.107077,-6.454144
46.05903,-19.813536
54.49756,5.857624
8.47629,7.6272755
-22.582537,2.8977976
39.823948,10.160678
51.1057,-11.4757595
27.63094,-0.42789397
-0.008296097,-1.0564852
11.228516,11.117512
8.376863,9.791491
-51.79959,-7.9780416
0.88834953,-0.04315329
29.90672,3.5039277
-38.082924,-15.995949
-20.532299,9.516798
22.506804,-9.125946
12.237137,13.235307
-8.464794,-18.51755
-26.60993,-4.510222
-4.301179,-6.2038994
-43.80522,21.960402
52.1518,11.082132
-33.327618,31.579674
52.943462,-6.845848
7.6501503,26.542677
50.574368,-11.965506
-2.8598917,24.567884
-50.950703,11.714456
-34.30006,-14.003773
-49.97521,14.412693
49.567703,13.687202
-49.06089,-10.343886
-51.958656,-7.5656
-50.70676,-9.644123
-33.32488,-13.486489
-3.1400008,-4.376216
48.599464,-15.890036
50.709904,-11.724409
-26.1013,37.22862
-19.917173,41.210487
-14.145221,14.134594
-6.4900203,53.172203
-49.99242,13.876265
42.588516,15.441865
7.1102977,-49.603336
-7.7165895,20.446867
24.2719,-6.1706967
-36.464714,28.825037
-5.2960687,-7.5604076
-27.936655,-7.1205006
13.229877,19.004316
17.11892,-9.25623
-18.162878,42.871758
-8.299097,20.621876
-7.950484,-18.717403
9.641625,-48.697388
32.27134,7.651547
-36.27283,-15.264525
9.520953,8.820498
-21.043966,4.951934
-17.573257,42.9922
-25.49207,36.86572
-53.301434,3.4075754
32.765285,-34.30817
32.03962,7.299323
-4.4093137,-52.875908
46.27669,-18.846962
53.550537,8.657437
31.425022,5.911271
-1.2813586,-25.079948
-5.338324,-23.144
11.199956,21.54033
-37.37029,-11.254963
-1.8050879,-24.817759
5.3675365,4.709579
-29.6518,-9.697633
-3.191209,56.852207
-42.174644,-16.115726
31.30635,-34.084576
5.534736,4.132388
0.009655677,-15.296011
-1.0034479,-2.0136578
-16.834345,11.010181
-8.016434,-13.976615
-8.050383,20.837866
-52.831367,-4.527318
37.18831,13.050859
20.902048,-12.152836
-6.025644,22.335018
-5.0531244,22.9483
-12.859816,15.873773
-52.966114,-3.9417067
52.558002,10.568159
36.642036,-30.622631
29.875849,-36.642376
-53.227882,-0.8359863
0.3577551,-0.73616004
-10.634905,-54.169655
53.387497,-5.4135637
-53.657845,-1.2734934
-50.892986,11.909462
-10.71718,48.505898
-34.827805,30.16813
-12.072388,16.424738
-15.856404,44.506683
22.051834,-42.29922
-30.776054,-10.944658
-10.979239,56.851612
-52.783615,7.1046815
45.51485,-20.200554
17.340067,-9.074042
-53.462658,-1.9092779
-49.424202,14.245056
11.219947,-48.081066
-0.61699986,25.7246
39.745224,-25.739222
-15.875224,44.490864
15.444656,-18.152302
-24.398348,-0.59845877
-1.2461693,59.239956
53.299213,-5.8140106
-1.4769626,-2.5106936
39.701607,-27.452198
-14.713478,13.416722
9.820543,9.174486
-51.530544,-8.971602
-24.079292,-0.036313053
-0.03712065,-0.7483348
12.440969,13.158139
-0.49354592,60.17863
25.324411,-4.394944
50.265804,-12.868867
-53.327984,3.0951097
-9.0776005,50.073826
-1.1803116,58.817818
45.366135,-20.361454
54.701412,1.9933298
9.766365,-22.189877
50.225914,-12.950981
-10.821168,-54.23098
-4.4636993,-52.47185
13.453689,17.819324
-13.447243,46.30984
43.52327,15.467461
-1.2433784,-16.955835
-13.012545,46.838276
-31.681358,32.813107
-52.839382,5.4201446
37.614254,-29.424913
18.263159,-14.999512
40.53548,14.852643
-52.151337,-7.284285
10.380736,-21.57304
-36.230747,28.757326
38.34442,14.080752
14.236107,-18.830257
12.453519,21.981054
-23.53797,0.90056956
1.5425144,26.718636
17.203514,-16.107986
0.17865793,-16.452473
-6.0467587,-53.068623
-13.350554,46.6288
27.538727,-38.186195
-6.8276563,52.769077
16.113308,-45.87611
44.41947,-21.602833
13.288883,-19.62074
-1.6316355,58.929535
-9.121878,50.033676
54.3287,-0.99086326
-5.469674,22.79729
29.466684,-36.977306
34.815254,-32.649746
-53.219696,-1.9159954
15.518562,-18.081121
-3.8456688,56.18581
26.615957,-2.3838346
11.222371,11.111806
-3.871119,-5.296701
48.441883,-16.114235
23.72309,-41.13155
25.694468,-39.710617
1.8838853,1.0245261
9.235623,-48.8476
-34.83477,-14.258358
13.388424,19.901913
-51.50002,-9.055415
-8.387246,-18.033157
-6.571588,52.445633
19.785751,-13.253979
35.49337,11.956889
15.623212,-17.319437
13.383617,17.006836
42.50862,-23.656332
6.8242936,26.966057
10.468519,10.02181
-7.8550878,-19.58202
-13.53005,14.741795
29.629135,-36.84293
27.94988,0.12815763
8.882805,25.917898
38.037766,-25.508438
-42.87171,-16.197048
-26.795908,36.634464
34.78813,-32.173103
38.126312,-29.103746
-50.201546,4.0554075
-16.961897,43.602543
5.3078837,4.6092157
-1.3505588,25.375563
-19.042273,7.531291
12.310881,12.68993
5.678282,5.121306
-6.7931585,-9.74905
-43.553623,14.8352165
-53.60777,-1.3469067
-13.83556,-55.185722
-5.111297,23.324516
-8.049545,-20.200947
-48.578728,16.232132
33.499527,-33.568913
-19.082972,41.84983
42.010868,-24.842127
9.051822,25.815847
-2.3197715,57.8953
23.145777,-41.497135
10.586448,-48.33185
1.4922911,26.403528
-53.082714,-3.3582935
28.329876,0.7685312
-1.5199236,-2.5593686
53.061596,-6.496094
-2.7640839,57.41419
-8.232711,50.619976
47.015064,15.289195
-4.6309648,23.65759
46.43733,-19.177296
-44.498837,21.232374
-19.102684,42.218536
4.129686,-46.57731
49.94098,-13.982678
18.268799,-14.989764
31.708153,6.483733
-17.44433,43.362732
54.704292,2.8243396
37.951305,-29.517794
31.756382,-35.137894
-4.380957,23.769838
-3.8958027,-52.441742
-2.1282628,-25.105165
-8.52061,50.816235
-34.715275,-14.141753
-25.239107,-2.3163044
32.622177,7.9893765
33.439007,9.230673
13.321259,16.618341
39.92183,14.8874035
-16.421227,11.662392
28.364546,-37.806393
-8.596604,-53.665802
20.817467,-12.382709
38.166386,14.003088
27.736525,-38.568336
1.4001076,0.546769
17.316685,-15.987673
-6.8656178,56.70045
-37.918865,27.452024
12.538891,-20.232727
2.3710396,26.83522
14.977432,-46.54047
-44.948933,-15.184925
-22.264706,3.033933
-39.089123,25.765045
-32.791286,-13.01463
42.904114,-23.2669
-12.626156,15.559288
23.215425,-8.404863
-12.504378,47.08763
23.477604,-41.284893
22.78094,-8.222823
-30.103958,-10.099167
54.256435,6.375432
-8.307376,-14.404038
36.580677,12.884907
-53.21248,-2.5905244
-42.514874,23.439667
-8.113804,-17.329723
-5.498826,-23.018438
9.73135,-48.663177
12.729305,14.257098
52.908966,-6.943405
-35.95163,-15.101122
3.536315,-50.67743
-42.204197,23.417591
-50.58388,-9.904245
19.55169,-13.537493
2.9882557,-25.40036
-52.555225,7.4443836
33.297832,-33.782734
-5.8663526,53.548103
40.00294,15.042816
-1.4389057,58.477432
52.334976,10.64824
1.0541844,24.834764
1.371921,-25.32727
-38.981327,24.264893
32.01189,-34.9366
-16.524221,11.578901
37.229134,-30.012577
-21.51733,4.13524
-53.10427,4.973168
-41.375843,24.49539
45.27331,15.407822
21.812838,-10.264918
-49.384335,14.289381
26.637539,-2.392086
53.311935,9.218952
-28.755058,-8.103697
-53.23199,-0.81417704
26.866491,-39.170223
-7.7067904,-53.457462
-13.055234,15.571101
-6.0879006,56.526806
20.44422,-43.440994
22.778404,-8.395506
-4.576392,-23.670948
-7.77248,-20.527971
37.81691,11.164866
-53.35547,2.7513463
-17.873507,9.285179
17.575747,-8.888245
-7.6054873,-12.569126
29.345808,2.5354223
54.60501,5.144364
1.9711938,26.739475
49.294132,13.851047
1.0273501,26.637856
-8.440172,48.970615
0.00969885,-15.266008
-50.391994,-10.545762
-41.87686,-16.604296
10.005397,25.13619
-26.476002,36.94876
10.778291,-21.445784
47.72115,-17.17204
-52.41092,-6.2157793
-25.650011,-2.5879712
-5.5005307,22.717083
-49.345173,-12.147299
6.344598,-24.13257
37.379253,13.511881
44.980743,-20.87776
11.11828,10.96387
10.250415,-21.65086
25.931353,-2.1629713
-52.31848,-6.6473446
18.898886,-14.279673
13.433719,18.312647
52.45559,-8.137257
10.7064905,-21.9848
35.54181,-31.663452
-5.4332843,22.850788
-14.257222,13.938367
8.1136,-23.377157
0.46848026,-51.52867
15.569364,-46.154488
43.26475,-23.32572
9.531931,8.837245
-2.8471067,-24.540152
-4.451003,55.377346
-52.28439,8.222888
26.770153,-1.3739438
23.887396,-41.014942
-20.990906,5.0282345
-9.957108,-53.78994
22.428944,-42.028202
-22.64244,4.6408777
-8.779525,-53.919
31.757612,-35.136967
35.036213,11.297722
-25.384071,36.834
30.918907,-35.798477
-49.950226,14.200363
37.334866,-29.920853
-18.262,8.365134
16.035006,-17.56824
13.080188,19.989067
-16.767141,11.248796
19.543764,-43.8325
34.96213,11.19931
-12.17791,16.364412
-38.094242,-8.441418
-1.3853121,-51.65936
28.986448,-37.374477
-35.951504,-15.101018
3.0286615,-25.402529
46.220634,-14.819676
13.256911,20.244839
4.153429,27.119173
12.247668,12.293719
-40.11325,-16.277235
12.858565,-44.944218
-40.23528,25.50862
-50.817776,12.043101
26.467192,-39.416386
-10.711536,48.522743
-29.875216,-9.543435
-16.141817,11.37829
3.3788612,-50.72999
-40.904068,24.887688
-45.865326,19.74827
-4.5261683,23.28984
8.799159,25.96801
32.18168,7.0426645
16.413128,-45.713867
51.890884,-9.63615
53.355125,-5.5616593
-4.4692783,23.318796
-33.10846,-13.288615
-20.590782,5.594695
53.25844,9.0914
-36.431732,28.938608
-0.9766938,59.44352
14.124224,-47.031116
-7.6041627,-19.987505
-11.813973,-54.523243
-1.3414798,-52.085762
31.529785,6.223701
-13.340969,46.646263
-0.63351166,59.656013
19.496958,-43.691727
3.6049979,27.050747
-4.5531464,55.268402
6.3412375,5.2264566
-17.15282,10.262731
-7.633046,21.258953
17.613815,-44.940067
-0.04452955,-15.611095
20.840408,-43.083828
13.205212,19.231236
53.507664,-4.8037376
51.36907,-10.909489
29.213715,-37.099617
-24.976553,-1.6378186
-30.655588,33.63334
12.646055,-47.47282
9.015639,8.239274
-16.060114,11.744403
13.073108,19.95981
-8.407271,-13.851898
42.853817,-23.92546
8.126166,7.2340436
-37.60204,27.7218
9.380778,-22.52111
-49.695942,13.9744625
-7.595566,-12.355978
13.225216,16.119303
-1.356796,-25.088783
-34.395973,30.536411
-2.9968953,-24.735641
-17.545898,43.053535
28.399006,-37.656143
-53.582188,-0.079225115
4.674654,-24.78737
25.996407,-40.05574
1.137915,-51.255177
-0.50760764,-23.826174
0.48287597,-25.284277
-7.0610466,-10.381102
6.752522,-50.12573
14.603407,-46.76149
-27.260935,35.95065
-15.226374,44.979733
5.155209,-50.029743
-7.021441,-53.295258
-33.59977,-13.733774
8.018076,-23.198414
-29.005623,-8.485325
3.606864,22.051754
39.527557,14.710608
-53.352036,2.8010867
-47.757076,17.43946
-8.928869,-53.494278
-23.817102,0.41306978
26.75368,-2.3575058
-5.9341807,53.03225
-25.944653,-3.109821
47.894302,-16.937912
-5.095926,54.51986
0.70896584,-51.408398
54.321243,-1.6480945
6.665509,-23.986002
-53.06528,-3.454332
51.3,-8.973331
-6.00098,-8.350975
-7.933191,20.25261
-27.31081,-5.4897494
13.077799,20.642075
-0.59619975,-25.174994
54.181126,6.7172484
-48.80622,15.873778
10.674668,-48.299805
-19.859182,41.691856
4.167526,-46.563484
-6.0166235,-22.637426
4.0013304,-24.997189
-12.069005,16.42768
0.64223677,-0.40775484
52.116318,10.931607
-9.977847,-53.809223
54.704197,3.3329244
53.8073,-3.9528048
-44.77469,20.937305
-7.0028944,-10.222243
-42.890858,22.980951
-12.444812,-54.73647
9.331135,-7.1281433
40.81836,-26.167377
51.455585,11.96204
-30.285545,-10.331346
-6.757182,-53.230377
19.274487,-44.061497
-20.186579,6.125832
4.541963,-24.835363
-46.104908,-14.691203
-7.3331685,-11.046437
-6.498468,-9.251439
-12.904927,46.813747
1.297012,26.727686
7.644307,-49.360714
54.54405,5.5960274
5.759254,5.158091
52.620106,-7.708254
-27.26097,35.950706
54.523933,6.6281
18.636818,-14.590675
37.96646,10.308367
-45.445,20.208567
-50.46227,-10.406323
-25.854183,-3.2240403
-53.06452,-1.1704044
5.722135,-49.863125
-2.7510247,57.295082
-12.147745,-54.637657
