24.0,299.0,209.0,1.0
36.0,0.0,60.0,1.0
38.0,1.0,152.0,1.0
33.0,696.0,193.0,0.0
31.0,1010.0,385.0,1.0
47.0,3333.0,114.0,1.0
35.0,980.0,428.0,1.0
42.0,613.0,432.0,1.0
41.0,902.0,35.0,1.0
29.0,451.0,451.0,1.0
28.0,317.0,21.0,0.0
31.0,591.0,161.0,1.0
41.0,771.0,106.0,1.0
26.0,7.0,188.0,0.0
41.0,1536.0,54.0,1.0
36.0,0.0,145.0,1.0
56.0,45.0,1467.0,1.0
51.0,-2082.0,123.0,1.0
41.0,1680.0,76.0,0.0
27.0,-124.0,217.0,0.0
44.0,5045.0,20.0,0.0
47.0,109.0,268.0,1.0
31.0,2305.0,139.0,0.0
32.0,-84.0,426.0,0.0
25.0,553.0,113.0,0.0
39.0,270.0,116.0,1.0
37.0,48.0,140.0,0.0
33.0,238.0,45.0,0.0
32.0,84.0,403.0,1.0
25.0,1433.0,520.0,0.0
33.0,1439.0,178.0,0.0
38.0,807.0,74.0,0.0
38.0,45.0,125.0,1.0
50.0,567.0,274.0,0.0
37.0,391.0,103.0,0.0
34.0,943.0,96.0,0.0
53.0,3177.0,92.0,1.0
49.0,87.0,165.0,1.0
32.0,0.0,550.0,0.0
31.0,1224.0,1441.0,1.0
39.0,1072.0,1168.0,1.0
41.0,389.0,127.0,1.0
28.0,6307.0,615.0,0.0
37.0,0.0,268.0,1.0
33.0,386.0,253.0,1.0
46.0,593.0,190.0,0.0
35.0,816.0,547.0,1.0
22.0,691.0,338.0,0.0
27.0,-1.0,60.0,0.0
28.0,60.0,161.0,1.0
33.0,123.0,264.0,0.0
37.0,1063.0,413.0,1.0
43.0,764.0,557.0,1.0
31.0,223.0,508.0,0.0
27.0,489.0,356.0,0.0
32.0,12607.0,203.0,0.0
32.0,0.0,99.0,0.0
27.0,5.0,205.0,0.0
29.0,417.0,90.0,0.0
49.0,13229.0,77.0,1.0
25.0,64.0,71.0,0.0
34.0,1171.0,129.0,0.0
30.0,604.0,475.0,0.0
28.0,224.0,97.0,0.0
27.0,6421.0,147.0,0.0
41.0,1020.0,882.0,0.0
34.0,341.0,136.0,0.0
34.0,415.0,361.0,1.0
27.0,15.0,177.0,0.0
31.0,31.0,501.0,0.0
39.0,894.0,491.0,1.0
51.0,-55.0,119.0,0.0
31.0,6248.0,154.0,0.0
33.0,125.0,66.0,0.0
30.0,71.0,122.0,0.0
39.0,562.0,303.0,1.0
41.0,2457.0,285.0,1.0
39.0,0.0,502.0,1.0
35.0,2723.0,275.0,1.0
32.0,1721.0,650.0,0.0
57.0,1238.0,274.0,1.0
34.0,186.0,342.0,0.0
28.0,1199.0,1011.0,0.0
31.0,-219.0,66.0,0.0
26.0,1177.0,116.0,0.0
37.0,430.0,154.0,1.0
36.0,442.0,102.0,0.0
54.0,89.0,140.0,1.0
52.0,11.0,420.0,1.0
40.0,643.0,74.0,1.0
27.0,842.0,273.0,0.0
27.0,795.0,101.0,0.0
28.0,12.0,73.0,1.0
28.0,81.0,158.0,0.0
36.0,470.0,101.0,1.0
48.0,1499.0,17.0,0.0
23.0,9216.0,471.0,0.0
64.0,2923.0,120.0,1.0
31.0,212.0,191.0,1.0
30.0,4.0,84.0,0.0
44.0,1910.0,41.0,1.0
34.0,0.0,214.0,0.0
49.0,1040.0,474.0,0.0
45.0,1893.0,1259.0,0.0
34.0,4.0,644.0,1.0
32.0,406.0,227.0,0.0
36.0,101.0,314.0,0.0
48.0,-583.0,25.0,1.0
23.0,598.0,166.0,0.0
33.0,2085.0,501.0,0.0
45.0,-839.0,68.0,1.0
58.0,2.0,684.0,1.0
29.0,452.0,347.0,1.0
39.0,1439.0,73.0,1.0
42.0,8131.0,69.0,1.0
32.0,2817.0,195.0,0.0
26.0,592.0,145.0,0.0
43.0,64.0,230.0,1.0
38.0,746.0,256.0,1.0
25.0,220.0,68.0,0.0
36.0,1855.0,75.0,0.0
29.0,4210.0,119.0,0.0
26.0,256.0,101.0,0.0
31.0,144.0,43.0,0.0
65.0,2179.0,112.0,1.0
26.0,802.0,77.0,0.0
43.0,3215.0,228.0,1.0
38.0,744.0,283.0,0.0
23.0,817.0,123.0,0.0
45.0,3098.0,159.0,1.0
31.0,3242.0,292.0,1.0
35.0,819.0,102.0,1.0
36.0,367.0,217.0,0.0
35.0,13.0,94.0,1.0
41.0,2885.0,40.0,1.0
37.0,0.0,187.0,1.0
32.0,697.0,119.0,0.0
47.0,556.0,147.0,1.0
30.0,1009.0,253.0,0.0
35.0,2288.0,32.0,0.0
38.0,0.0,260.0,0.0
55.0,204.0,455.0,1.0
47.0,145.0,157.0,1.0
33.0,599.0,29.0,0.0
61.0,997.0,106.0,1.0
30.0,334.0,389.0,0.0
44.0,1424.0,201.0,0.0
27.0,261.0,113.0,0.0
47.0,826.0,195.0,1.0
34.0,244.0,56.0,1.0
41.0,5110.0,231.0,1.0
34.0,1499.0,186.0,1.0
34.0,2374.0,161.0,1.0
33.0,22.0,76.0,0.0
48.0,817.0,517.0,1.0
51.0,5403.0,42.0,1.0
40.0,8969.0,153.0,1.0
40.0,1516.0,373.0,1.0
29.0,-20.0,574.0,0.0
48.0,286.0,166.0,1.0
38.0,13156.0,291.0,0.0
52.0,1781.0,144.0,1.0
54.0,653.0,352.0,1.0
39.0,-540.0,29.0,1.0
29.0,0.0,83.0,1.0
58.0,883.0,543.0,1.0
32.0,1218.0,70.0,0.0
50.0,231.0,397.0,1.0
25.0,34.0,316.0,0.0
35.0,0.0,262.0,0.0
29.0,452.0,59.0,0.0
26.0,236.0,8.0,0.0
33.0,1410.0,8.0,0.0
33.0,0.0,236.0,0.0
42.0,100.0,64.0,0.0
38.0,578.0,112.0,0.0
37.0,715.0,247.0,0.0
32.0,517.0,528.0,1.0
24.0,1847.0,390.0,0.0
26.0,565.0,582.0,0.0
71.0,14220.0,397.0,1.0
38.0,311.0,61.0,0.0
33.0,1558.0,97.0,0.0
29.0,406.0,119.0,0.0
30.0,6619.0,239.0,0.0
49.0,889.0,388.0,1.0
43.0,3403.0,707.0,0.0
56.0,83.0,26.0,1.0
30.0,123.0,66.0,1.0
58.0,1831.0,1531.0,1.0
59.0,345.0,38.0,1.0
28.0,0.0,198.0,0.0
35.0,1147.0,29.0,0.0
61.0,967.0,180.0,1.0
35.0,293.0,521.0,0.0
31.0,469.0,111.0,0.0
42.0,4945.0,311.0,1.0
42.0,525.0,127.0,0.0
37.0,190.0,194.0,1.0
51.0,630.0,138.0,1.0
38.0,950.0,210.0,1.0
40.0,0.0,147.0,1.0
49.0,2465.0,157.0,1.0
37.0,21.0,96.0,0.0
45.0,-183.0,395.0,0.0
34.0,417.0,138.0,1.0
30.0,1185.0,284.0,0.0
32.0,48.0,8.0,0.0
31.0,1494.0,275.0,0.0
72.0,763.0,384.0,1.0
41.0,982.0,105.0,0.0
28.0,102.0,321.0,0.0
47.0,2443.0,422.0,0.0
55.0,383.0,343.0,1.0
45.0,0.0,454.0,1.0
29.0,872.0,230.0,0.0
66.0,6483.0,275.0,0.0
26.0,0.0,755.0,1.0
35.0,252.0,89.0,0.0
57.0,3927.0,61.0,1.0
25.0,913.0,113.0,0.0
35.0,414.0,11.0,0.0
37.0,3242.0,233.0,1.0
38.0,15030.0,167.0,0.0
47.0,2.0,236.0,1.0
51.0,-13.0,361.0,1.0
30.0,-770.0,87.0,0.0
52.0,118.0,16.0,1.0
32.0,76.0,189.0,1.0
29.0,1026.0,226.0,0.0
36.0,260.0,49.0,0.0
39.0,691.0,517.0,1.0
32.0,2536.0,958.0,0.0
28.0,702.0,318.0,1.0
35.0,1257.0,93.0,1.0
54.0,1956.0,221.0,1.0
39.0,501.0,289.0,1.0
42.0,1080.0,951.0,0.0
42.0,792.0,611.0,1.0
57.0,2927.0,78.0,1.0
29.0,228.0,12.0,1.0
36.0,35.0,435.0,0.0
31.0,125.0,78.0,0.0
60.0,78.0,113.0,1.0
58.0,7495.0,325.0,1.0
80.0,6483.0,123.0,1.0
26.0,396.0,302.0,0.0
40.0,60.0,172.0,1.0
41.0,88.0,105.0,1.0
35.0,3552.0,267.0,0.0
47.0,440.0,91.0,1.0
53.0,100.0,205.0,1.0
32.0,3616.0,165.0,0.0
50.0,558.0,464.0,1.0
43.0,-465.0,166.0,1.0
46.0,1291.0,142.0,1.0
39.0,-401.0,274.0,0.0
31.0,0.0,231.0,0.0
34.0,856.0,470.0,1.0
32.0,6217.0,486.0,1.0
45.0,44.0,81.0,1.0
35.0,2789.0,256.0,1.0
30.0,6164.0,152.0,0.0
51.0,30.0,333.0,1.0
27.0,0.0,1608.0,1.0
36.0,-11.0,172.0,1.0
28.0,28.0,220.0,0.0
25.0,0.0,160.0,1.0
47.0,2597.0,323.0,1.0
32.0,135.0,232.0,0.0
49.0,320.0,1971.0,1.0
28.0,227.0,278.0,0.0
57.0,1592.0,78.0,1.0
27.0,3792.0,279.0,0.0
38.0,506.0,122.0,1.0
33.0,5137.0,123.0,0.0
34.0,673.0,271.0,0.0
31.0,3706.0,129.0,1.0
26.0,203.0,104.0,0.0
52.0,83.0,1223.0,0.0
79.0,4738.0,151.0,1.0
29.0,1673.0,200.0,0.0
28.0,153.0,1124.0,0.0
48.0,-13.0,20.0,1.0
46.0,0.0,239.0,1.0
55.0,139.0,256.0,1.0
37.0,1978.0,404.0,1.0
31.0,287.0,182.0,0.0
31.0,16.0,387.0,0.0
33.0,697.0,860.0,0.0
38.0,1449.0,535.0,1.0
36.0,197.0,260.0,0.0
34.0,925.0,709.0,0.0
38.0,4366.0,188.0,0.0
42.0,-246.0,149.0,1.0
32.0,0.0,101.0,0.0
26.0,3529.0,57.0,0.0
29.0,428.0,54.0,0.0
56.0,3391.0,243.0,1.0
36.0,1049.0,224.0,1.0
28.0,100.0,132.0,1.0
57.0,10.0,320.0,1.0
29.0,828.0,215.0,0.0
31.0,5527.0,132.0,0.0
34.0,852.0,108.0,0.0
49.0,362.0,84.0,1.0
31.0,1588.0,14.0,0.0
36.0,1283.0,92.0,0.0
38.0,-196.0,60.0,0.0
46.0,271.0,134.0,1.0
34.0,3301.0,485.0,1.0
32.0,6145.0,362.0,0.0
36.0,177.0,63.0,1.0
44.0,5597.0,27.0,1.0
54.0,0.0,159.0,1.0
44.0,-101.0,99.0,0.0
57.0,11494.0,198.0,1.0
23.0,5.0,413.0,0.0
39.0,471.0,5.0,0.0
38.0,258.0,587.0,0.0
26.0,1153.0,238.0,0.0
40.0,226.0,176.0,0.0
45.0,-192.0,138.0,1.0
29.0,103.0,314.0,0.0
22.0,333.0,129.0,0.0
34.0,176.0,78.0,1.0
41.0,819.0,244.0,1.0
31.0,440.0,117.0,1.0
26.0,1347.0,280.0,0.0
39.0,800.0,76.0,1.0
28.0,1020.0,251.0,1.0
48.0,2330.0,15.0,0.0
58.0,37.0,84.0,1.0
30.0,192.0,423.0,0.0
34.0,18.0,359.0,0.0
36.0,876.0,241.0,0.0
31.0,454.0,73.0,0.0
47.0,0.0,58.0,0.0
36.0,141.0,106.0,1.0
35.0,44.0,310.0,0.0
42.0,-119.0,167.0,1.0
28.0,1065.0,406.0,0.0
33.0,-988.0,83.0,1.0
36.0,1328.0,82.0,1.0
33.0,273.0,803.0,1.0
53.0,431.0,74.0,1.0
37.0,7944.0,102.0,1.0
37.0,897.0,119.0,1.0
30.0,1882.0,249.0,1.0
24.0,1222.0,369.0,1.0
62.0,1859.0,245.0,1.0
28.0,0.0,294.0,0.0
28.0,459.0,83.0,0.0
26.0,512.0,206.0,0.0
34.0,2178.0,41.0,0.0
36.0,417.0,15.0,0.0
39.0,-276.0,121.0,1.0
63.0,2747.0,113.0,1.0
28.0,1532.0,253.0,0.0
35.0,7546.0,137.0,0.0
41.0,618.0,1056.0,0.0
36.0,319.0,120.0,0.0
32.0,2881.0,356.0,0.0
48.0,312.0,369.0,0.0
57.0,0.0,648.0,1.0
42.0,5564.0,560.0,1.0
33.0,1240.0,505.0,0.0
46.0,1285.0,89.0,1.0
31.0,582.0,58.0,1.0
36.0,777.0,185.0,1.0
48.0,127.0,524.0,1.0
43.0,3060.0,253.0,1.0
32.0,360.0,164.0,0.0
43.0,1335.0,371.0,1.0
24.0,-46.0,23.0,0.0
48.0,292.0,164.0,1.0
32.0,133.0,171.0,0.0
37.0,954.0,402.0,1.0
46.0,538.0,118.0,0.0
41.0,0.0,232.0,1.0
35.0,106.0,588.0,1.0
30.0,6495.0,78.0,0.0
44.0,460.0,491.0,1.0
24.0,926.0,191.0,0.0
40.0,92.0,92.0,1.0
28.0,189.0,68.0,0.0
34.0,1897.0,441.0,1.0
45.0,7108.0,53.0,0.0
69.0,279.0,26.0,1.0
57.0,0.0,188.0,1.0
26.0,1275.0,18.0,0.0
39.0,0.0,561.0,0.0
36.0,553.0,106.0,0.0
39.0,163.0,107.0,0.0
34.0,5039.0,205.0,0.0
43.0,3529.0,169.0,1.0
30.0,-218.0,13.0,0.0
49.0,47.0,234.0,1.0
34.0,1847.0,543.0,1.0
34.0,2729.0,945.0,0.0
35.0,243.0,41.0,1.0
60.0,3735.0,190.0,1.0
53.0,0.0,140.0,0.0
41.0,75.0,479.0,0.0
28.0,1323.0,361.0,0.0
27.0,769.0,317.0,0.0
28.0,416.0,452.0,0.0
48.0,1738.0,349.0,1.0
42.0,1628.0,119.0,0.0
39.0,124.0,81.0,1.0
36.0,2806.0,358.0,0.0
35.0,81.0,79.0,0.0
48.0,149.0,71.0,1.0
33.0,2155.0,295.0,0.0
30.0,4213.0,142.0,0.0
28.0,304.0,516.0,0.0
45.0,4365.0,45.0,1.0
36.0,1482.0,177.0,0.0
52.0,0.0,145.0,1.0
36.0,495.0,213.0,1.0
44.0,0.0,300.0,1.0
39.0,879.0,102.0,1.0
44.0,-11.0,13.0,1.0
34.0,60.0,274.0,0.0
40.0,1547.0,88.0,0.0
32.0,574.0,259.0,0.0
52.0,161.0,274.0,1.0
58.0,1987.0,185.0,1.0
36.0,1521.0,243.0,0.0
30.0,-522.0,670.0,0.0
38.0,-1.0,72.0,0.0
38.0,1146.0,91.0,0.0
34.0,105.0,146.0,0.0
37.0,1328.0,121.0,1.0
25.0,-76.0,241.0,1.0
53.0,-2.0,144.0,1.0
43.0,0.0,147.0,0.0
35.0,2830.0,22.0,0.0
40.0,642.0,147.0,1.0
33.0,932.0,226.0,1.0
29.0,14.0,87.0,0.0
22.0,47.0,69.0,0.0
33.0,13494.0,27.0,0.0
44.0,310.0,200.0,1.0
52.0,6922.0,371.0,1.0
32.0,1649.0,204.0,0.0
48.0,117.0,635.0,1.0
38.0,427.0,17.0,0.0
49.0,358.0,176.0,1.0
31.0,8312.0,43.0,1.0
33.0,1925.0,76.0,0.0
20.0,502.0,261.0,0.0
27.0,-179.0,54.0,0.0
32.0,255.0,86.0,1.0
51.0,35.0,123.0,1.0
32.0,0.0,268.0,0.0
59.0,1173.0,77.0,1.0
31.0,36.0,105.0,0.0
68.0,19317.0,249.0,1.0
36.0,12.0,587.0,0.0
39.0,2226.0,158.0,1.0
34.0,1221.0,182.0,1.0
27.0,148.0,203.0,0.0
44.0,1679.0,718.0,0.0
53.0,2581.0,99.0,1.0
41.0,6563.0,136.0,1.0
50.0,1200.0,904.0,0.0
31.0,12569.0,344.0,0.0
32.0,5514.0,319.0,0.0
40.0,219.0,204.0,1.0
29.0,2893.0,250.0,0.0
24.0,174.0,487.0,0.0
24.0,-254.0,290.0,1.0
30.0,261.0,233.0,0.0
49.0,1672.0,128.0,1.0
27.0,50.0,168.0,0.0
32.0,2285.0,413.0,0.0
55.0,-308.0,781.0,1.0
34.0,201.0,257.0,0.0
26.0,261.0,371.0,0.0
45.0,0.0,574.0,1.0
26.0,2469.0,136.0,1.0
57.0,75.0,118.0,1.0
34.0,703.0,342.0,1.0
32.0,1583.0,100.0,0.0
38.0,104.0,606.0,0.0
30.0,35.0,185.0,0.0
35.0,181.0,5.0,1.0
60.0,4256.0,239.0,1.0
38.0,8669.0,5.0,0.0
32.0,569.0,348.0,0.0
55.0,145.0,59.0,1.0
48.0,247.0,145.0,1.0
40.0,838.0,619.0,0.0
30.0,877.0,202.0,1.0
36.0,23.0,152.0,1.0
36.0,257.0,86.0,1.0
32.0,13711.0,638.0,0.0
38.0,-558.0,533.0,1.0
38.0,35.0,156.0,0.0
43.0,181.0,41.0,0.0
27.0,376.0,273.0,0.0
52.0,1623.0,21.0,0.0
33.0,3975.0,515.0,0.0
40.0,2893.0,76.0,0.0
20.0,291.0,172.0,0.0
30.0,1380.0,294.0,1.0
44.0,438.0,37.0,1.0
34.0,0.0,172.0,0.0
50.0,3357.0,239.0,1.0
33.0,1808.0,99.0,1.0
37.0,228.0,1740.0,0.0
34.0,470.0,217.0,1.0
30.0,775.0,124.0,0.0
40.0,109.0,402.0,1.0
57.0,-967.0,8.0,1.0
32.0,923.0,819.0,1.0
39.0,1242.0,303.0,0.0
36.0,1531.0,81.0,0.0
60.0,71.0,121.0,1.0
39.0,75.0,26.0,0.0
48.0,5173.0,88.0,1.0
47.0,3676.0,567.0,1.0
73.0,279.0,399.0,1.0
52.0,316.0,463.0,0.0
24.0,508.0,12.0,0.0
26.0,0.0,165.0,0.0
47.0,150.0,52.0,1.0
33.0,3704.0,447.0,1.0
30.0,3107.0,1516.0,0.0
33.0,9305.0,407.0,1.0
33.0,2727.0,205.0,1.0
49.0,1568.0,206.0,1.0
28.0,198.0,128.0,0.0
42.0,-247.0,519.0,0.0
51.0,397.0,293.0,1.0
26.0,3672.0,360.0,0.0
31.0,864.0,100.0,0.0
34.0,475.0,538.0,0.0
32.0,739.0,91.0,0.0
44.0,4232.0,227.0,0.0
30.0,149.0,220.0,0.0
32.0,217.0,317.0,1.0
30.0,185.0,11.0,0.0
32.0,61.0,529.0,1.0
53.0,3316.0,331.0,1.0
33.0,358.0,302.0,0.0
50.0,72.0,141.0,0.0
44.0,4758.0,712.0,1.0
35.0,2988.0,179.0,0.0
31.0,-502.0,76.0,0.0
30.0,424.0,298.0,0.0
32.0,2629.0,77.0,0.0
30.0,201.0,325.0,0.0
46.0,964.0,174.0,1.0
31.0,433.0,1504.0,0.0
29.0,309.0,471.0,0.0
40.0,169.0,43.0,1.0
50.0,2881.0,510.0,1.0
36.0,490.0,207.0,0.0
31.0,1306.0,217.0,0.0
37.0,20453.0,115.0,0.0
35.0,747.0,141.0,0.0
40.0,445.0,631.0,0.0
40.0,2715.0,125.0,1.0
38.0,46.0,70.0,1.0
50.0,841.0,54.0,1.0
53.0,459.0,317.0,1.0
43.0,-93.0,402.0,1.0
50.0,276.0,641.0,1.0
33.0,359.0,210.0,1.0
31.0,2197.0,146.0,0.0
27.0,88.0,143.0,0.0
31.0,0.0,38.0,0.0
51.0,-11.0,126.0,1.0
31.0,360.0,592.0,0.0
32.0,41.0,686.0,0.0
40.0,641.0,156.0,0.0
35.0,147.0,41.0,1.0
58.0,983.0,139.0,1.0
43.0,34.0,29.0,0.0
26.0,-887.0,827.0,0.0
28.0,0.0,380.0,0.0
39.0,6.0,122.0,1.0
22.0,4111.0,65.0,0.0
41.0,-41.0,154.0,0.0
27.0,3276.0,106.0,0.0
26.0,75.0,351.0,0.0
28.0,0.0,133.0,0.0
49.0,-147.0,390.0,1.0
34.0,586.0,489.0,0.0
28.0,171.0,93.0,0.0
42.0,344.0,26.0,0.0
27.0,1209.0,283.0,0.0
53.0,225.0,304.0,1.0
32.0,271.0,80.0,0.0
27.0,446.0,205.0,0.0
28.0,0.0,767.0,0.0
59.0,0.0,425.0,1.0
27.0,0.0,388.0,0.0
32.0,396.0,205.0,1.0
56.0,3172.0,139.0,1.0
28.0,-46.0,199.0,0.0
28.0,0.0,335.0,1.0
23.0,363.0,16.0,0.0
36.0,1318.0,100.0,1.0
55.0,197.0,256.0,1.0
40.0,2.0,197.0,1.0
26.0,484.0,48.0,1.0
38.0,221.0,79.0,0.0
29.0,596.0,510.0,1.0
48.0,841.0,215.0,1.0
38.0,0.0,196.0,0.0
53.0,2289.0,183.0,1.0
42.0,66.0,139.0,1.0
26.0,63.0,76.0,0.0
46.0,556.0,646.0,1.0
41.0,0.0,239.0,0.0
37.0,1315.0,224.0,1.0
34.0,114.0,153.0,1.0
56.0,359.0,220.0,1.0
25.0,10788.0,102.0,0.0
48.0,116.0,70.0,1.0
36.0,134.0,98.0,1.0
33.0,0.0,44.0,1.0
47.0,153.0,192.0,0.0
31.0,2590.0,103.0,0.0
37.0,3561.0,98.0,0.0
44.0,878.0,130.0,1.0
30.0,180.0,203.0,0.0
30.0,25.0,44.0,0.0
41.0,231.0,76.0,0.0
27.0,282.0,676.0,0.0
28.0,2034.0,196.0,0.0
31.0,406.0,736.0,0.0
41.0,5426.0,149.0,1.0
30.0,2.0,102.0,0.0
29.0,15459.0,245.0,0.0
42.0,308.0,114.0,0.0
30.0,302.0,528.0,0.0
40.0,1451.0,314.0,1.0
39.0,399.0,504.0,1.0
30.0,57.0,465.0,0.0
34.0,3723.0,47.0,0.0
31.0,628.0,1083.0,0.0
39.0,9374.0,273.0,1.0
34.0,1239.0,90.0,0.0
35.0,0.0,1174.0,0.0
55.0,865.0,85.0,1.0
61.0,985.0,998.0,1.0
25.0,1116.0,170.0,0.0
38.0,2278.0,244.0,1.0
55.0,383.0,287.0,1.0
48.0,8106.0,125.0,0.0
47.0,3940.0,171.0,1.0
50.0,1412.0,131.0,1.0
39.0,763.0,877.0,1.0
48.0,-552.0,150.0,0.0
44.0,529.0,129.0,1.0
35.0,2486.0,265.0,0.0
32.0,882.0,80.0,0.0
40.0,93.0,134.0,1.0
35.0,1732.0,1441.0,0.0
25.0,777.0,351.0,0.0
49.0,548.0,115.0,0.0
31.0,23.0,121.0,0.0
30.0,239.0,115.0,0.0
31.0,0.0,59.0,1.0
26.0,122.0,160.0,0.0
30.0,901.0,601.0,0.0
54.0,2960.0,83.0,1.0
36.0,1313.0,8.0,0.0
44.0,0.0,96.0,1.0
35.0,376.0,207.0,0.0
43.0,11269.0,92.0,0.0
23.0,8627.0,169.0,0.0
48.0,750.0,90.0,1.0
33.0,641.0,347.0,1.0
44.0,1378.0,257.0,0.0
53.0,27.0,230.0,1.0
36.0,340.0,559.0,0.0
44.0,1136.0,345.0,0.0
31.0,1166.0,207.0,0.0
32.0,336.0,139.0,0.0
58.0,76.0,54.0,1.0
57.0,206.0,216.0,1.0
55.0,150.0,124.0,1.0
47.0,104.0,77.0,1.0
32.0,29.0,156.0,0.0
36.0,189.0,136.0,1.0
26.0,209.0,319.0,0.0
32.0,-255.0,957.0,0.0
32.0,309.0,346.0,0.0
32.0,6402.0,158.0,0.0
26.0,5116.0,246.0,1.0
30.0,151.0,82.0,1.0
33.0,889.0,13.0,1.0
45.0,128.0,275.0,1.0
49.0,61.0,185.0,0.0
28.0,-328.0,318.0,0.0
54.0,876.0,269.0,1.0
28.0,0.0,386.0,0.0
53.0,-22.0,20.0,1.0
34.0,4348.0,373.0,0.0
49.0,981.0,10.0,0.0
57.0,3250.0,162.0,1.0
45.0,0.0,1472.0,0.0
40.0,326.0,112.0,1.0
27.0,3196.0,10.0,0.0
40.0,697.0,220.0,1.0
32.0,1160.0,450.0,0.0
42.0,275.0,31.0,0.0
32.0,118.0,1275.0,0.0
35.0,2.0,239.0,0.0
58.0,9339.0,52.0,1.0
41.0,204.0,111.0,1.0
53.0,1868.0,156.0,1.0
37.0,6969.0,412.0,0.0
33.0,1844.0,241.0,1.0
31.0,203.0,177.0,0.0
28.0,1562.0,659.0,0.0
43.0,24.0,68.0,0.0
30.0,18.0,121.0,0.0
33.0,-424.0,863.0,0.0
52.0,289.0,45.0,1.0
28.0,56.0,66.0,0.0
56.0,2190.0,90.0,1.0
31.0,1750.0,90.0,1.0
45.0,-11.0,247.0,0.0
54.0,88.0,190.0,1.0
37.0,1175.0,102.0,0.0
42.0,515.0,501.0,0.0
32.0,687.0,161.0,1.0
57.0,254.0,676.0,0.0
35.0,634.0,185.0,1.0
32.0,6217.0,486.0,1.0
31.0,462.0,147.0,0.0
56.0,1922.0,247.0,1.0
29.0,0.0,58.0,0.0
28.0,131.0,147.0,1.0
37.0,1123.0,138.0,1.0
46.0,751.0,104.0,0.0
32.0,2.0,144.0,0.0
41.0,-516.0,554.0,1.0
35.0,280.0,65.0,1.0
30.0,6.0,241.0,1.0
42.0,2613.0,174.0,0.0
35.0,62.0,67.0,0.0
25.0,72.0,305.0,1.0
70.0,3782.0,618.0,1.0
27.0,212.0,373.0,0.0
58.0,309.0,156.0,1.0
48.0,480.0,830.0,1.0
47.0,2540.0,110.0,0.0
41.0,428.0,92.0,0.0
45.0,2087.0,29.0,0.0
34.0,0.0,71.0,0.0
40.0,0.0,44.0,1.0
25.0,8.0,107.0,0.0
37.0,0.0,247.0,1.0
32.0,92.0,110.0,0.0
50.0,12519.0,146.0,1.0
34.0,10.0,162.0,0.0
28.0,4937.0,421.0,0.0
30.0,7845.0,59.0,0.0
60.0,1025.0,388.0,1.0
37.0,9.0,484.0,0.0
47.0,480.0,211.0,1.0
34.0,992.0,301.0,0.0
37.0,876.0,140.0,0.0
22.0,3472.0,332.0,0.0
31.0,4888.0,475.0,0.0
19.0,302.0,205.0,0.0
43.0,27733.0,164.0,0.0
42.0,9720.0,81.0,0.0
33.0,894.0,509.0,0.0
57.0,139.0,80.0,1.0
36.0,-148.0,144.0,1.0
29.0,192.0,327.0,0.0
38.0,5244.0,310.0,0.0
39.0,1043.0,195.0,0.0
27.0,-151.0,283.0,0.0
46.0,334.0,36.0,0.0
39.0,426.0,1029.0,0.0
56.0,318.0,246.0,1.0
27.0,872.0,1130.0,1.0
22.0,1161.0,119.0,0.0
31.0,99.0,193.0,1.0
30.0,1924.0,170.0,0.0
50.0,0.0,243.0,1.0
42.0,994.0,149.0,1.0
35.0,189.0,95.0,1.0
34.0,1076.0,70.0,0.0
31.0,314.0,279.0,1.0
27.0,703.0,590.0,0.0
37.0,5436.0,7.0,0.0
48.0,340.0,255.0,1.0
31.0,623.0,96.0,1.0
26.0,3825.0,107.0,1.0
36.0,1981.0,48.0,1.0
48.0,0.0,176.0,1.0
47.0,599.0,99.0,1.0
25.0,505.0,386.0,0.0
38.0,0.0,537.0,1.0
55.0,343.0,276.0,1.0
27.0,-584.0,411.0,1.0
53.0,427.0,360.0,1.0
56.0,16873.0,223.0,1.0
31.0,775.0,361.0,0.0
32.0,537.0,187.0,0.0
34.0,347.0,154.0,0.0
53.0,1278.0,174.0,1.0
46.0,3098.0,192.0,1.0
29.0,125.0,50.0,1.0
38.0,917.0,260.0,0.0
53.0,4086.0,14.0,1.0
58.0,23.0,91.0,1.0
26.0,50.0,153.0,0.0
41.0,720.0,651.0,1.0
34.0,436.0,118.0,1.0
37.0,2317.0,114.0,0.0
38.0,490.0,17.0,0.0
42.0,-91.0,43.0,1.0
64.0,679.0,135.0,1.0
32.0,182.0,145.0,0.0
36.0,629.0,109.0,1.0
26.0,211.0,168.0,0.0
36.0,6.0,41.0,1.0
44.0,3945.0,255.0,0.0
34.0,1298.0,120.0,1.0
30.0,569.0,976.0,1.0
34.0,1310.0,521.0,1.0
26.0,3342.0,329.0,0.0
58.0,409.0,643.0,0.0
34.0,2679.0,195.0,0.0
38.0,-242.0,1173.0,0.0
30.0,566.0,110.0,0.0
36.0,2944.0,882.0,0.0
35.0,126.0,112.0,0.0
41.0,21515.0,87.0,1.0
52.0,1810.0,117.0,0.0
52.0,2227.0,242.0,0.0
45.0,2048.0,310.0,0.0
30.0,371.0,124.0,1.0
48.0,199.0,29.0,1.0
48.0,414.0,761.0,0.0
50.0,26394.0,206.0,1.0
47.0,1784.0,385.0,0.0
48.0,427.0,201.0,1.0
57.0,7082.0,69.0,1.0
61.0,76.0,195.0,1.0
35.0,35.0,152.0,0.0
42.0,520.0,158.0,1.0
54.0,2206.0,104.0,1.0
44.0,7635.0,719.0,1.0
31.0,574.0,410.0,0.0
49.0,769.0,257.0,1.0
28.0,775.0,603.0,0.0
54.0,2508.0,34.0,1.0
57.0,1621.0,108.0,1.0
37.0,105.0,260.0,0.0
34.0,47.0,132.0,1.0
45.0,1757.0,1010.0,0.0
60.0,0.0,40.0,1.0
33.0,-6.0,566.0,1.0
30.0,124.0,161.0,1.0
36.0,472.0,1017.0,1.0
35.0,5731.0,164.0,0.0
32.0,152.0,158.0,0.0
24.0,119.0,51.0,0.0
37.0,4153.0,35.0,1.0
29.0,-194.0,127.0,0.0
39.0,52.0,69.0,1.0
54.0,2059.0,177.0,1.0
60.0,27.0,40.0,0.0
30.0,1.0,80.0,1.0
33.0,137.0,88.0,0.0
60.0,2552.0,255.0,1.0
51.0,1869.0,30.0,1.0
37.0,781.0,75.0,0.0
38.0,7124.0,301.0,1.0
30.0,6836.0,30.0,0.0
35.0,0.0,74.0,1.0
32.0,116.0,255.0,0.0
45.0,265.0,14.0,1.0
34.0,247.0,193.0,1.0
36.0,3343.0,307.0,0.0
29.0,113.0,328.0,0.0
49.0,-74.0,114.0,1.0
48.0,-471.0,668.0,1.0
38.0,3190.0,20.0,1.0
33.0,6904.0,114.0,1.0
27.0,81.0,197.0,0.0
54.0,1480.0,108.0,1.0
31.0,0.0,275.0,1.0
34.0,2594.0,161.0,1.0
55.0,1210.0,868.0,1.0
29.0,3672.0,1210.0,0.0
27.0,235.0,13.0,0.0
27.0,23.0,590.0,0.0
70.0,15834.0,172.0,1.0
36.0,1925.0,904.0,1.0
46.0,3533.0,235.0,1.0
28.0,183.0,62.0,0.0
42.0,1.0,59.0,1.0
32.0,890.0,27.0,0.0
40.0,888.0,169.0,0.0
51.0,42.0,51.0,1.0
46.0,0.0,264.0,1.0
38.0,-363.0,340.0,1.0
58.0,145.0,128.0,0.0
26.0,668.0,576.0,0.0
55.0,136.0,15.0,1.0
31.0,0.0,624.0,1.0
27.0,54.0,543.0,0.0
33.0,249.0,61.0,1.0
34.0,184.0,203.0,0.0
50.0,3337.0,24.0,1.0
26.0,350.0,367.0,0.0
39.0,102.0,272.0,0.0
32.0,0.0,66.0,1.0
37.0,4565.0,369.0,1.0
43.0,130.0,156.0,1.0
47.0,1121.0,454.0,1.0
31.0,438.0,130.0,0.0
31.0,1882.0,529.0,0.0
35.0,2.0,653.0,1.0
38.0,25.0,232.0,0.0
35.0,93.0,198.0,1.0
39.0,416.0,56.0,0.0
32.0,2478.0,395.0,0.0
25.0,3217.0,24.0,0.0
30.0,2581.0,221.0,1.0
30.0,75.0,123.0,0.0
49.0,635.0,220.0,1.0
47.0,51.0,312.0,1.0
25.0,402.0,264.0,0.0
32.0,2204.0,11.0,0.0
41.0,10758.0,288.0,1.0
27.0,1566.0,164.0,0.0
33.0,79.0,249.0,1.0
27.0,-247.0,344.0,1.0
32.0,0.0,181.0,0.0
30.0,127.0,16.0,0.0
46.0,834.0,196.0,0.0
31.0,309.0,294.0,1.0
28.0,43.0,190.0,0.0
32.0,473.0,72.0,0.0
33.0,-163.0,502.0,1.0
33.0,99.0,159.0,0.0
26.0,455.0,240.0,0.0
28.0,229.0,322.0,0.0
28.0,26.0,227.0,0.0
37.0,61.0,182.0,0.0
32.0,2343.0,226.0,0.0
48.0,1159.0,1181.0,1.0
60.0,179.0,79.0,0.0
33.0,2.0,132.0,1.0
31.0,620.0,95.0,1.0
32.0,4908.0,491.0,1.0
53.0,15.0,921.0,1.0
19.0,0.0,123.0,0.0
36.0,3875.0,21.0,0.0
28.0,8.0,196.0,1.0
26.0,479.0,133.0,1.0
37.0,6968.0,175.0,1.0
52.0,1944.0,238.0,1.0
28.0,0.0,205.0,0.0
34.0,4943.0,117.0,0.0
33.0,5969.0,156.0,0.0
37.0,375.0,223.0,0.0
28.0,2685.0,5.0,0.0
34.0,524.0,9.0,0.0
28.0,1633.0,275.0,0.0
36.0,613.0,86.0,0.0
53.0,6839.0,77.0,1.0
32.0,2185.0,354.0,0.0
38.0,526.0,553.0,1.0
41.0,4539.0,298.0,1.0
37.0,1661.0,199.0,0.0
44.0,1206.0,160.0,0.0
45.0,0.0,139.0,0.0
30.0,102.0,470.0,1.0
34.0,632.0,215.0,0.0
31.0,589.0,151.0,1.0
42.0,230.0,175.0,1.0
30.0,19358.0,258.0,0.0
40.0,1819.0,398.0,1.0
31.0,35.0,229.0,0.0
39.0,3797.0,96.0,0.0
41.0,920.0,239.0,1.0
35.0,871.0,216.0,0.0
32.0,0.0,123.0,0.0
31.0,96.0,577.0,0.0
48.0,310.0,135.0,1.0
29.0,858.0,234.0,1.0
41.0,1567.0,291.0,0.0
34.0,2646.0,142.0,0.0
32.0,1731.0,323.0,0.0
27.0,1.0,65.0,0.0
31.0,500.0,19.0,1.0
43.0,2519.0,257.0,1.0
44.0,508.0,222.0,1.0
30.0,305.0,633.0,0.0
37.0,836.0,129.0,1.0
25.0,343.0,377.0,0.0
60.0,11262.0,323.0,0.0
34.0,1281.0,279.0,0.0
34.0,0.0,63.0,0.0
37.0,0.0,640.0,0.0
40.0,1734.0,169.0,1.0
31.0,1545.0,207.0,1.0
44.0,304.0,129.0,1.0
32.0,2693.0,16.0,1.0
35.0,1253.0,210.0,1.0
52.0,592.0,122.0,1.0
40.0,17.0,78.0,1.0
31.0,2488.0,14.0,0.0
34.0,1387.0,121.0,1.0
31.0,187.0,86.0,0.0
47.0,440.0,71.0,0.0
39.0,-405.0,177.0,1.0
46.0,70.0,229.0,1.0
58.0,331.0,82.0,0.0
34.0,1076.0,152.0,1.0
33.0,263.0,119.0,1.0
26.0,443.0,84.0,0.0
44.0,-27.0,100.0,0.0
32.0,678.0,1579.0,0.0
30.0,3096.0,123.0,0.0
29.0,2929.0,91.0,0.0
33.0,706.0,329.0,0.0
35.0,195.0,203.0,1.0
57.0,23.0,25.0,1.0
41.0,412.0,154.0,1.0
36.0,973.0,293.0,1.0
40.0,-1.0,173.0,0.0
38.0,21.0,634.0,1.0
27.0,118.0,112.0,0.0
40.0,98.0,193.0,1.0
39.0,293.0,160.0,1.0
29.0,1117.0,77.0,0.0
45.0,5450.0,188.0,1.0
53.0,1796.0,295.0,1.0
37.0,3665.0,664.0,0.0
29.0,20.0,418.0,1.0
30.0,239.0,412.0,0.0
32.0,71.0,221.0,1.0
27.0,14.0,72.0,0.0
42.0,-34.0,176.0,1.0
32.0,131.0,267.0,0.0
29.0,991.0,563.0,0.0
30.0,975.0,256.0,1.0
32.0,45.0,908.0,0.0
41.0,2993.0,24.0,1.0
38.0,2273.0,222.0,0.0
41.0,400.0,99.0,0.0
32.0,-220.0,123.0,1.0
41.0,1066.0,109.0,1.0
40.0,10378.0,523.0,0.0
44.0,0.0,161.0,1.0
52.0,1054.0,273.0,1.0
50.0,60.0,151.0,1.0
41.0,168.0,187.0,1.0
37.0,403.0,318.0,1.0
34.0,-228.0,187.0,1.0
30.0,638.0,358.0,0.0
31.0,-449.0,81.0,0.0
32.0,656.0,148.0,0.0
26.0,321.0,242.0,0.0
39.0,238.0,134.0,1.0
49.0,588.0,70.0,0.0
29.0,0.0,16.0,0.0
32.0,811.0,563.0,0.0
38.0,11971.0,609.0,0.0
56.0,0.0,471.0,1.0
47.0,214.0,168.0,1.0
57.0,49.0,93.0,1.0
36.0,980.0,118.0,0.0
27.0,59.0,792.0,0.0
31.0,424.0,93.0,0.0
53.0,28.0,117.0,1.0
51.0,1594.0,197.0,0.0
77.0,680.0,341.0,1.0
30.0,-336.0,128.0,1.0
39.0,1161.0,236.0,1.0
43.0,1017.0,257.0,0.0
59.0,0.0,247.0,1.0
59.0,5314.0,200.0,1.0
42.0,2980.0,101.0,1.0
78.0,499.0,80.0,1.0
34.0,-72.0,273.0,0.0
29.0,-105.0,5.0,0.0
34.0,8038.0,29.0,0.0
34.0,0.0,154.0,1.0
45.0,1929.0,44.0,1.0
40.0,0.0,58.0,0.0
47.0,201.0,58.0,1.0
35.0,13658.0,220.0,1.0
25.0,-80.0,89.0,0.0
49.0,133.0,319.0,0.0
35.0,786.0,322.0,1.0
27.0,0.0,435.0,1.0
21.0,2488.0,258.0,0.0
39.0,-735.0,144.0,1.0
34.0,440.0,445.0,0.0
23.0,1129.0,806.0,0.0
57.0,808.0,417.0,1.0
45.0,0.0,47.0,1.0
36.0,9149.0,141.0,0.0
27.0,73.0,242.0,0.0
32.0,0.0,104.0,1.0
32.0,0.0,119.0,1.0
37.0,-107.0,158.0,1.0
47.0,2306.0,239.0,1.0
39.0,794.0,182.0,1.0
40.0,1217.0,155.0,1.0
48.0,290.0,257.0,0.0
57.0,16063.0,352.0,1.0
52.0,-1224.0,253.0,1.0
31.0,-162.0,380.0,0.0
33.0,71.0,107.0,0.0
36.0,27359.0,71.0,1.0
28.0,442.0,474.0,0.0
37.0,1314.0,682.0,1.0
41.0,1602.0,142.0,1.0
34.0,340.0,633.0,0.0
39.0,1190.0,136.0,0.0
34.0,5462.0,430.0,0.0
34.0,1011.0,136.0,0.0
32.0,28.0,111.0,0.0
59.0,185.0,177.0,1.0
27.0,58.0,113.0,1.0
28.0,1325.0,242.0,1.0
31.0,694.0,431.0,0.0
28.0,882.0,94.0,0.0
33.0,61.0,836.0,0.0
39.0,179.0,36.0,1.0
43.0,7727.0,302.0,1.0
55.0,602.0,324.0,1.0
27.0,-145.0,289.0,0.0
36.0,-206.0,177.0,1.0
31.0,1014.0,158.0,0.0
41.0,3950.0,96.0,0.0
54.0,384.0,30.0,1.0
28.0,94.0,300.0,0.0
56.0,917.0,306.0,0.0
31.0,391.0,336.0,0.0
25.0,453.0,134.0,0.0
37.0,-296.0,81.0,0.0
39.0,116.0,79.0,1.0
33.0,716.0,234.0,0.0
35.0,0.0,669.0,0.0
42.0,243.0,46.0,0.0
31.0,-282.0,131.0,0.0
35.0,475.0,936.0,0.0
38.0,3436.0,663.0,1.0
31.0,373.0,346.0,0.0
32.0,473.0,624.0,0.0
30.0,3809.0,159.0,0.0
36.0,475.0,141.0,0.0
55.0,203.0,9.0,1.0
24.0,77.0,236.0,0.0
49.0,169.0,82.0,1.0
26.0,2610.0,626.0,0.0
25.0,2506.0,485.0,0.0
35.0,94.0,208.0,1.0
27.0,4848.0,82.0,1.0
37.0,7.0,224.0,1.0
45.0,-206.0,337.0,1.0
58.0,175.0,92.0,1.0
45.0,72.0,262.0,1.0
32.0,4665.0,860.0,0.0
33.0,23.0,216.0,0.0
46.0,147.0,116.0,1.0
32.0,151.0,118.0,0.0
41.0,340.0,37.0,1.0
40.0,1670.0,161.0,0.0
57.0,158.0,73.0,1.0
34.0,1.0,582.0,0.0
30.0,2325.0,270.0,0.0
58.0,0.0,101.0,1.0
39.0,122.0,158.0,0.0
41.0,-256.0,35.0,0.0
40.0,2378.0,65.0,0.0
52.0,4.0,30.0,0.0
46.0,1790.0,214.0,0.0
27.0,259.0,78.0,0.0
41.0,4684.0,30.0,0.0
57.0,-464.0,75.0,1.0
40.0,825.0,38.0,0.0
59.0,1.0,159.0,1.0
33.0,23663.0,199.0,0.0
40.0,1327.0,76.0,1.0
36.0,1177.0,330.0,1.0
32.0,-402.0,135.0,0.0
35.0,1067.0,179.0,1.0
30.0,11.0,157.0,1.0
41.0,140.0,65.0,1.0
27.0,15.0,67.0,0.0
52.0,64.0,20.0,1.0
30.0,-477.0,1532.0,0.0
49.0,197.0,223.0,1.0
36.0,0.0,637.0,0.0
30.0,0.0,131.0,0.0
42.0,97.0,108.0,1.0
57.0,501.0,59.0,1.0
43.0,2567.0,109.0,1.0
43.0,0.0,674.0,1.0
36.0,605.0,204.0,1.0
50.0,52.0,22.0,1.0
41.0,7735.0,220.0,1.0
27.0,3638.0,271.0,0.0
28.0,0.0,479.0,0.0
28.0,1034.0,113.0,1.0
53.0,1178.0,295.0,0.0
32.0,-33.0,234.0,1.0
27.0,3083.0,244.0,0.0
44.0,5063.0,418.0,0.0
38.0,173.0,150.0,0.0
50.0,7317.0,172.0,1.0
33.0,26.0,342.0,1.0
30.0,329.0,122.0,0.0
46.0,242.0,332.0,1.0
30.0,363.0,171.0,0.0
31.0,747.0,543.0,0.0
30.0,1772.0,158.0,1.0
73.0,154.0,103.0,1.0
46.0,342.0,84.0,1.0
59.0,42.0,40.0,1.0
51.0,117.0,467.0,1.0
39.0,3705.0,77.0,1.0
26.0,279.0,239.0,0.0
59.0,748.0,184.0,1.0
58.0,5092.0,199.0,1.0
47.0,33.0,298.0,0.0
57.0,82.0,140.0,1.0
48.0,197.0,47.0,1.0
33.0,9449.0,428.0,0.0
53.0,2398.0,317.0,0.0
31.0,691.0,198.0,0.0
28.0,1137.0,129.0,1.0
46.0,0.0,154.0,1.0
40.0,1729.0,85.0,1.0
57.0,523.0,49.0,1.0
51.0,34.0,200.0,1.0
33.0,316.0,126.0,0.0
47.0,2.0,89.0,1.0
58.0,610.0,246.0,1.0
29.0,3357.0,120.0,0.0
31.0,-495.0,334.0,0.0
33.0,4.0,285.0,1.0
31.0,481.0,106.0,0.0
55.0,171.0,73.0,1.0
34.0,-563.0,252.0,1.0
42.0,30.0,98.0,0.0
37.0,695.0,233.0,0.0
31.0,25.0,381.0,0.0
42.0,1022.0,146.0,0.0
54.0,0.0,986.0,1.0
28.0,174.0,184.0,0.0
34.0,228.0,387.0,0.0
42.0,382.0,294.0,0.0
42.0,0.0,118.0,1.0
30.0,105.0,75.0,0.0
41.0,1646.0,261.0,0.0
52.0,108.0,543.0,1.0
37.0,342.0,340.0,1.0
31.0,874.0,190.0,0.0
42.0,9009.0,135.0,1.0
31.0,26965.0,654.0,0.0
37.0,6101.0,60.0,0.0
35.0,0.0,18.0,1.0
51.0,463.0,213.0,1.0
27.0,710.0,653.0,1.0
52.0,431.0,73.0,1.0
51.0,16.0,158.0,0.0
56.0,0.0,154.0,1.0
36.0,1554.0,325.0,1.0
32.0,3333.0,50.0,1.0
57.0,5431.0,383.0,1.0
57.0,0.0,58.0,1.0
55.0,1467.0,277.0,1.0
43.0,13044.0,36.0,1.0
45.0,4994.0,48.0,1.0
42.0,529.0,193.0,1.0
28.0,517.0,681.0,0.0
34.0,41.0,34.0,1.0
30.0,4787.0,99.0,0.0
25.0,-352.0,246.0,0.0
26.0,-8.0,402.0,0.0
61.0,4629.0,181.0,1.0
49.0,2576.0,64.0,1.0
43.0,1304.0,501.0,0.0
42.0,92.0,86.0,0.0
33.0,210.0,201.0,1.0
29.0,33.0,161.0,0.0
80.0,8304.0,681.0,1.0
39.0,0.0,793.0,1.0
52.0,1308.0,361.0,0.0
36.0,0.0,108.0,0.0
38.0,-70.0,140.0,1.0
33.0,3132.0,350.0,1.0
49.0,280.0,162.0,1.0
34.0,5498.0,265.0,1.0
33.0,137.0,305.0,1.0
45.0,4022.0,244.0,1.0
44.0,787.0,570.0,0.0
28.0,1453.0,246.0,0.0
29.0,444.0,130.0,1.0
54.0,2225.0,73.0,1.0
29.0,5980.0,317.0,0.0
37.0,655.0,127.0,1.0
40.0,65.0,15.0,0.0
27.0,671.0,332.0,0.0
42.0,-406.0,152.0,1.0
53.0,6095.0,410.0,1.0
51.0,-3.0,91.0,1.0
34.0,215.0,350.0,0.0
40.0,498.0,55.0,1.0
27.0,132.0,123.0,1.0
33.0,4790.0,137.0,1.0
36.0,0.0,85.0,0.0
43.0,757.0,315.0,1.0
59.0,1831.0,122.0,1.0
32.0,493.0,289.0,0.0
39.0,12437.0,40.0,0.0
43.0,593.0,55.0,0.0
33.0,-67.0,364.0,0.0
52.0,1317.0,58.0,1.0
44.0,178.0,126.0,1.0
55.0,2749.0,58.0,1.0
39.0,835.0,587.0,0.0
30.0,673.0,610.0,1.0
30.0,209.0,30.0,0.0
33.0,1412.0,480.0,1.0
53.0,459.0,558.0,1.0
35.0,1810.0,65.0,0.0
48.0,131.0,189.0,1.0
32.0,2.0,100.0,0.0
26.0,1274.0,190.0,0.0
59.0,681.0,427.0,1.0
50.0,1011.0,340.0,1.0
22.0,246.0,25.0,0.0
25.0,468.0,147.0,0.0
56.0,353.0,171.0,1.0
31.0,2104.0,455.0,0.0
51.0,5108.0,272.0,1.0
50.0,421.0,22.0,1.0
35.0,175.0,219.0,0.0
52.0,217.0,193.0,0.0
45.0,1343.0,220.0,1.0
37.0,-242.0,1149.0,0.0
40.0,167.0,380.0,1.0
35.0,0.0,340.0,1.0
35.0,-51.0,134.0,0.0
45.0,204.0,224.0,1.0
58.0,14412.0,297.0,1.0
33.0,0.0,53.0,0.0
39.0,-41.0,40.0,0.0
63.0,133.0,104.0,1.0
43.0,-1164.0,76.0,0.0
57.0,-226.0,272.0,1.0
29.0,1070.0,30.0,0.0
28.0,126.0,229.0,0.0
37.0,310.0,76.0,1.0
63.0,8044.0,702.0,1.0
29.0,-76.0,305.0,1.0
57.0,1044.0,585.0,1.0
32.0,1012.0,178.0,0.0
31.0,1086.0,410.0,0.0
37.0,608.0,380.0,0.0
30.0,48.0,140.0,0.0
42.0,5639.0,430.0,1.0
30.0,411.0,142.0,0.0
34.0,1534.0,156.0,0.0
29.0,584.0,541.0,0.0
42.0,0.0,99.0,0.0
37.0,509.0,133.0,0.0
25.0,959.0,144.0,0.0
47.0,3285.0,248.0,1.0
44.0,2319.0,251.0,1.0
58.0,0.0,148.0,1.0
33.0,4020.0,251.0,1.0
39.0,0.0,81.0,0.0
33.0,-56.0,119.0,0.0
35.0,3161.0,433.0,1.0
59.0,0.0,76.0,1.0
39.0,0.0,13.0,0.0
31.0,4148.0,316.0,1.0
35.0,0.0,169.0,0.0
44.0,900.0,322.0,0.0
30.0,395.0,429.0,0.0
43.0,667.0,228.0,1.0
45.0,49.0,65.0,1.0
64.0,768.0,250.0,1.0
56.0,237.0,236.0,0.0
44.0,887.0,165.0,1.0
53.0,2096.0,104.0,1.0
28.0,1351.0,267.0,0.0
43.0,-26.0,343.0,1.0
46.0,137.0,252.0,1.0
43.0,960.0,241.0,1.0
39.0,914.0,20.0,0.0
53.0,980.0,352.0,1.0
54.0,1691.0,186.0,1.0
29.0,437.0,504.0,0.0
45.0,410.0,891.0,0.0
47.0,295.0,157.0,1.0
34.0,174.0,259.0,0.0
45.0,1415.0,483.0,1.0
31.0,2.0,112.0,1.0
30.0,432.0,340.0,0.0
25.0,4590.0,199.0,0.0
35.0,2116.0,409.0,0.0
21.0,361.0,329.0,0.0
39.0,722.0,141.0,1.0
32.0,0.0,159.0,1.0
31.0,68.0,570.0,0.0
32.0,189.0,106.0,1.0
36.0,-461.0,254.0,1.0
21.0,137.0,198.0,0.0
53.0,4994.0,62.0,1.0
35.0,145.0,799.0,0.0
40.0,33.0,70.0,1.0
30.0,3485.0,142.0,0.0
49.0,377.0,158.0,1.0
58.0,1640.0,72.0,0.0
37.0,712.0,291.0,1.0
36.0,342.0,142.0,0.0
26.0,179.0,103.0,0.0
43.0,2.0,783.0,0.0
26.0,1700.0,13.0,0.0
44.0,13893.0,29.0,1.0
58.0,2223.0,1139.0,0.0
44.0,2657.0,202.0,1.0
38.0,0.0,247.0,0.0
28.0,373.0,10.0,1.0
32.0,1143.0,412.0,0.0
51.0,1760.0,162.0,1.0
48.0,7020.0,80.0,1.0
31.0,0.0,40.0,1.0
29.0,3748.0,322.0,1.0
48.0,454.0,114.0,1.0
44.0,106.0,109.0,0.0
32.0,0.0,594.0,0.0
45.0,638.0,75.0,1.0
34.0,5086.0,213.0,0.0
49.0,25824.0,94.0,0.0
44.0,-312.0,22.0,1.0
43.0,0.0,73.0,0.0
37.0,5106.0,244.0,1.0
30.0,315.0,1407.0,0.0
32.0,253.0,257.0,1.0
50.0,669.0,88.0,1.0
33.0,621.0,217.0,0.0
48.0,810.0,383.0,1.0
42.0,1322.0,178.0,0.0
35.0,319.0,221.0,1.0
33.0,3935.0,765.0,1.0
31.0,102.0,460.0,0.0
34.0,415.0,123.0,0.0
31.0,24.0,631.0,1.0
29.0,2485.0,48.0,0.0
35.0,714.0,135.0,0.0
46.0,2904.0,277.0,1.0
48.0,-551.0,168.0,0.0
36.0,465.0,160.0,1.0
36.0,-423.0,106.0,1.0
22.0,549.0,154.0,0.0
54.0,2281.0,158.0,1.0
39.0,109.0,699.0,0.0
31.0,428.0,272.0,1.0
47.0,3727.0,993.0,0.0
47.0,292.0,210.0,1.0
51.0,1883.0,57.0,1.0
34.0,455.0,372.0,1.0
32.0,2349.0,134.0,1.0
33.0,142.0,123.0,0.0
31.0,1957.0,112.0,0.0
31.0,-120.0,100.0,1.0
42.0,0.0,275.0,0.0
32.0,1831.0,86.0,0.0
24.0,822.0,184.0,0.0
32.0,0.0,333.0,0.0
52.0,2072.0,224.0,1.0
40.0,1100.0,660.0,1.0
29.0,19.0,110.0,0.0
33.0,148.0,717.0,1.0
39.0,7066.0,667.0,0.0
27.0,158.0,650.0,0.0
37.0,3315.0,820.0,0.0
23.0,736.0,119.0,0.0
34.0,462.0,1877.0,0.0
37.0,67.0,45.0,1.0
47.0,3681.0,101.0,1.0
37.0,47.0,374.0,1.0
30.0,445.0,218.0,0.0
77.0,610.0,766.0,1.0
38.0,0.0,57.0,1.0
59.0,699.0,98.0,1.0
31.0,1214.0,39.0,0.0
27.0,268.0,528.0,0.0
32.0,3014.0,291.0,0.0
22.0,2488.0,449.0,0.0
40.0,462.0,272.0,0.0
44.0,332.0,497.0,1.0
34.0,84.0,299.0,0.0
54.0,-315.0,2029.0,1.0
26.0,2572.0,620.0,0.0
19.0,1169.0,463.0,0.0
26.0,155.0,291.0,0.0
38.0,1373.0,119.0,0.0
21.0,681.0,6.0,0.0
34.0,263.0,203.0,1.0
47.0,2106.0,168.0,1.0
34.0,179.0,294.0,0.0
23.0,8627.0,281.0,0.0
38.0,883.0,95.0,0.0
33.0,-300.0,184.0,0.0
34.0,297.0,63.0,1.0
56.0,856.0,70.0,1.0
60.0,0.0,151.0,0.0
31.0,-186.0,172.0,0.0
73.0,519.0,434.0,1.0
48.0,157.0,73.0,1.0
24.0,366.0,234.0,0.0
32.0,1625.0,796.0,0.0
31.0,1970.0,284.0,0.0
38.0,0.0,71.0,0.0
43.0,-179.0,335.0,1.0
36.0,644.0,54.0,1.0
40.0,440.0,327.0,1.0
66.0,2169.0,282.0,1.0
27.0,3733.0,198.0,0.0
43.0,30.0,379.0,0.0
62.0,816.0,28.0,1.0
32.0,33.0,125.0,0.0
36.0,-35.0,339.0,1.0
47.0,3188.0,426.0,1.0
59.0,351.0,1063.0,0.0
38.0,2253.0,937.0,0.0
32.0,-849.0,204.0,0.0
65.0,493.0,622.0,1.0
40.0,3571.0,222.0,1.0
28.0,16.0,119.0,0.0
30.0,-635.0,250.0,0.0
29.0,770.0,341.0,0.0
37.0,267.0,121.0,0.0
48.0,1143.0,264.0,1.0
47.0,7708.0,157.0,1.0
28.0,356.0,76.0,0.0
38.0,493.0,553.0,0.0
35.0,2975.0,249.0,0.0
26.0,255.0,457.0,0.0
36.0,6.0,100.0,1.0
34.0,355.0,261.0,1.0
39.0,6.0,286.0,0.0
28.0,2700.0,337.0,0.0
28.0,769.0,153.0,0.0
52.0,603.0,79.0,1.0
37.0,37.0,253.0,0.0
31.0,1987.0,55.0,0.0
45.0,3370.0,36.0,1.0
34.0,20.0,10.0,1.0
24.0,111.0,42.0,0.0
28.0,89.0,172.0,0.0
41.0,832.0,164.0,1.0
47.0,14.0,142.0,1.0
36.0,1830.0,183.0,0.0
71.0,353.0,208.0,1.0
60.0,2934.0,233.0,0.0
28.0,2380.0,394.0,0.0
37.0,0.0,226.0,1.0
34.0,13683.0,115.0,0.0
27.0,5291.0,192.0,0.0
42.0,12223.0,36.0,1.0
28.0,934.0,53.0,1.0
31.0,315.0,130.0,0.0
46.0,2098.0,110.0,1.0
33.0,745.0,115.0,1.0
29.0,0.0,104.0,0.0
39.0,20.0,109.0,1.0
35.0,-339.0,389.0,1.0
51.0,-892.0,248.0,1.0
31.0,1766.0,166.0,1.0
42.0,3620.0,22.0,1.0
33.0,43.0,332.0,1.0
37.0,654.0,594.0,0.0
49.0,381.0,504.0,1.0
23.0,-306.0,217.0,0.0
39.0,266.0,102.0,1.0
44.0,8262.0,201.0,1.0
26.0,170.0,129.0,0.0
44.0,33.0,195.0,0.0
26.0,609.0,112.0,0.0
40.0,4610.0,154.0,1.0
33.0,920.0,58.0,0.0
27.0,3354.0,493.0,0.0
34.0,318.0,239.0,0.0
59.0,0.0,104.0,1.0
51.0,2662.0,148.0,1.0
38.0,157.0,57.0,1.0
60.0,4895.0,313.0,1.0
32.0,53.0,276.0,0.0
25.0,2157.0,339.0,0.0
28.0,378.0,346.0,0.0
38.0,0.0,164.0,0.0
28.0,3412.0,22.0,0.0
39.0,385.0,225.0,1.0
28.0,2269.0,331.0,0.0
57.0,0.0,257.0,1.0
50.0,-470.0,130.0,1.0
29.0,21.0,107.0,0.0
32.0,167.0,79.0,1.0
34.0,1116.0,53.0,1.0
46.0,3232.0,94.0,0.0
41.0,2125.0,285.0,1.0
43.0,778.0,284.0,1.0
37.0,0.0,108.0,0.0
32.0,162.0,297.0,1.0
43.0,-228.0,122.0,0.0
31.0,-45.0,184.0,1.0
31.0,385.0,304.0,0.0
36.0,760.0,9.0,0.0
29.0,1445.0,328.0,0.0
31.0,472.0,907.0,1.0
35.0,5958.0,215.0,0.0
30.0,60.0,306.0,0.0
46.0,5.0,71.0,1.0
46.0,2558.0,107.0,1.0
33.0,-241.0,169.0,1.0
51.0,492.0,142.0,1.0
36.0,3953.0,277.0,1.0
46.0,324.0,293.0,0.0
44.0,205.0,289.0,1.0
60.0,0.0,130.0,1.0
47.0,3973.0,732.0,1.0
51.0,3180.0,384.0,1.0
33.0,4040.0,132.0,1.0
48.0,333.0,24.0,1.0
38.0,1704.0,222.0,0.0
48.0,1147.0,389.0,1.0
29.0,482.0,1097.0,0.0
26.0,294.0,87.0,0.0
34.0,209.0,375.0,1.0
34.0,0.0,191.0,0.0
28.0,3.0,40.0,0.0
31.0,-407.0,230.0,0.0
45.0,16.0,59.0,0.0
38.0,1663.0,217.0,1.0
33.0,483.0,280.0,1.0
29.0,1448.0,217.0,0.0
32.0,10218.0,149.0,0.0
51.0,872.0,82.0,1.0
30.0,4.0,443.0,0.0
57.0,2416.0,74.0,1.0
35.0,700.0,240.0,1.0
60.0,322.0,63.0,1.0
53.0,25.0,528.0,1.0
32.0,-55.0,107.0,1.0
21.0,1903.0,107.0,0.0
26.0,81.0,262.0,0.0
43.0,489.0,130.0,1.0
26.0,1216.0,472.0,0.0
36.0,1746.0,15.0,1.0
34.0,-292.0,181.0,0.0
38.0,0.0,185.0,1.0
41.0,1666.0,291.0,1.0
48.0,0.0,16.0,1.0
46.0,519.0,217.0,1.0
52.0,575.0,315.0,1.0
30.0,142.0,350.0,1.0
40.0,-342.0,754.0,1.0
34.0,144.0,104.0,0.0
38.0,389.0,262.0,1.0
36.0,40.0,359.0,0.0
44.0,2524.0,82.0,0.0
55.0,989.0,246.0,1.0
39.0,2600.0,77.0,0.0
40.0,192.0,71.0,0.0
34.0,1671.0,160.0,1.0
31.0,388.0,730.0,1.0
38.0,0.0,213.0,0.0
37.0,815.0,77.0,0.0
33.0,8004.0,414.0,0.0
40.0,-378.0,541.0,1.0
27.0,390.0,190.0,0.0
42.0,-921.0,115.0,1.0
43.0,1696.0,257.0,0.0
21.0,6844.0,126.0,0.0
56.0,344.0,221.0,1.0
39.0,1367.0,43.0,1.0
40.0,0.0,57.0,1.0
31.0,112.0,159.0,0.0
37.0,132.0,336.0,1.0
56.0,1044.0,353.0,1.0
64.0,1574.0,301.0,1.0
41.0,77.0,56.0,1.0
47.0,2246.0,330.0,1.0
30.0,0.0,661.0,0.0
24.0,172.0,67.0,0.0
40.0,1509.0,144.0,0.0
42.0,0.0,209.0,1.0
39.0,1045.0,290.0,1.0
50.0,-84.0,101.0,1.0
40.0,263.0,231.0,0.0
55.0,2587.0,328.0,1.0
45.0,-459.0,508.0,1.0
31.0,251.0,156.0,1.0
33.0,1279.0,239.0,0.0
32.0,112.0,118.0,0.0
43.0,2767.0,317.0,1.0
24.0,556.0,460.0,1.0
33.0,4902.0,110.0,1.0
41.0,879.0,60.0,0.0
35.0,1063.0,327.0,0.0
74.0,935.0,100.0,1.0
48.0,7195.0,609.0,1.0
28.0,11555.0,125.0,0.0
51.0,-55.0,281.0,0.0
40.0,-839.0,1018.0,1.0
51.0,2506.0,210.0,1.0
31.0,0.0,298.0,1.0
35.0,633.0,128.0,0.0
39.0,5803.0,83.0,0.0
35.0,2658.0,768.0,0.0
55.0,-703.0,123.0,0.0
45.0,999.0,215.0,1.0
35.0,847.0,85.0,0.0
40.0,3.0,998.0,0.0
48.0,428.0,127.0,0.0
28.0,-298.0,559.0,0.0
43.0,146.0,50.0,0.0
30.0,799.0,91.0,0.0
50.0,1772.0,206.0,1.0
58.0,-27.0,77.0,1.0
52.0,2087.0,267.0,1.0
59.0,0.0,493.0,1.0
35.0,285.0,136.0,1.0
47.0,1230.0,412.0,1.0
34.0,6979.0,14.0,0.0
40.0,0.0,245.0,1.0
49.0,-97.0,92.0,0.0
26.0,-32.0,14.0,0.0
44.0,244.0,1735.0,0.0
41.0,8238.0,124.0,1.0
40.0,1259.0,234.0,1.0
32.0,3935.0,129.0,1.0
30.0,175.0,167.0,0.0
45.0,1673.0,76.0,1.0
33.0,1.0,257.0,0.0
35.0,724.0,287.0,1.0
36.0,1927.0,288.0,0.0
27.0,213.0,378.0,0.0
35.0,2971.0,429.0,1.0
44.0,10.0,196.0,1.0
48.0,1150.0,357.0,0.0
25.0,368.0,168.0,0.0
52.0,395.0,391.0,1.0
25.0,5.0,138.0,0.0
38.0,0.0,39.0,0.0
28.0,4229.0,205.0,0.0
35.0,-259.0,381.0,1.0
60.0,231.0,57.0,1.0
57.0,374.0,236.0,1.0
25.0,-589.0,233.0,1.0
32.0,0.0,126.0,0.0
27.0,201.0,172.0,0.0
25.0,1420.0,124.0,0.0
34.0,618.0,119.0,0.0
26.0,127.0,85.0,0.0
40.0,0.0,105.0,1.0
58.0,1013.0,206.0,1.0
42.0,5774.0,54.0,0.0
31.0,897.0,26.0,1.0
28.0,177.0,150.0,0.0
33.0,191.0,162.0,1.0
31.0,259.0,47.0,1.0
72.0,796.0,173.0,1.0
25.0,-221.0,250.0,0.0
51.0,1415.0,151.0,1.0
25.0,331.0,170.0,0.0
41.0,748.0,94.0,0.0
32.0,741.0,238.0,0.0
32.0,751.0,64.0,0.0
32.0,1059.0,115.0,0.0
28.0,-427.0,965.0,0.0
46.0,182.0,56.0,1.0
50.0,-470.0,506.0,1.0
31.0,636.0,352.0,1.0
39.0,14.0,114.0,1.0
48.0,99.0,344.0,1.0
49.0,1916.0,281.0,1.0
50.0,-568.0,860.0,1.0
30.0,3516.0,447.0,0.0
33.0,2557.0,186.0,0.0
36.0,174.0,223.0,0.0
50.0,766.0,174.0,0.0
69.0,579.0,230.0,1.0
51.0,1315.0,303.0,1.0
40.0,177.0,742.0,1.0
33.0,3576.0,124.0,1.0
36.0,3057.0,2769.0,1.0
36.0,1327.0,174.0,1.0
50.0,246.0,270.0,0.0
28.0,231.0,568.0,0.0
23.0,1158.0,743.0,1.0
30.0,-559.0,98.0,1.0
46.0,-3.0,205.0,1.0
30.0,1317.0,395.0,1.0
32.0,2979.0,156.0,0.0
35.0,524.0,484.0,1.0
33.0,3143.0,421.0,0.0
23.0,250.0,222.0,0.0
23.0,8494.0,158.0,0.0
57.0,1469.0,364.0,1.0
29.0,555.0,133.0,0.0
37.0,102.0,101.0,0.0
42.0,251.0,413.0,1.0
33.0,478.0,475.0,1.0
38.0,-314.0,66.0,1.0
30.0,2.0,1031.0,0.0
54.0,4503.0,168.0,1.0
48.0,5095.0,71.0,0.0
27.0,5563.0,435.0,0.0
27.0,8366.0,458.0,0.0
57.0,3777.0,65.0,0.0
36.0,219.0,270.0,0.0
43.0,2886.0,230.0,1.0
37.0,435.0,210.0,0.0
35.0,57.0,632.0,0.0
59.0,1585.0,91.0,1.0
29.0,218.0,169.0,0.0
48.0,1678.0,263.0,1.0
46.0,0.0,70.0,1.0
28.0,80.0,676.0,0.0
45.0,827.0,319.0,1.0
32.0,-63.0,198.0,1.0
46.0,19.0,171.0,1.0
31.0,1626.0,356.0,0.0
35.0,-12.0,212.0,1.0
46.0,466.0,169.0,1.0
19.0,103.0,104.0,0.0
42.0,969.0,721.0,1.0
26.0,-759.0,191.0,1.0
43.0,1188.0,140.0,1.0
49.0,3018.0,93.0,0.0
55.0,1187.0,193.0,0.0
31.0,-280.0,281.0,0.0
30.0,3.0,45.0,0.0
38.0,170.0,442.0,1.0
59.0,0.0,226.0,1.0
46.0,22.0,414.0,1.0
33.0,181.0,265.0,1.0
25.0,16874.0,117.0,0.0
38.0,1205.0,45.0,1.0
31.0,13.0,110.0,1.0
34.0,67.0,672.0,1.0
30.0,447.0,103.0,0.0
34.0,79.0,104.0,0.0
37.0,1050.0,586.0,0.0
41.0,2067.0,493.0,1.0
32.0,10.0,501.0,1.0
39.0,36.0,70.0,0.0
77.0,680.0,513.0,1.0
39.0,0.0,62.0,0.0
55.0,2366.0,94.0,1.0
38.0,623.0,297.0,0.0
66.0,10177.0,272.0,0.0
30.0,2186.0,366.0,0.0
34.0,846.0,758.0,0.0
55.0,0.0,119.0,1.0
34.0,-139.0,492.0,1.0
25.0,-350.0,95.0,0.0
57.0,282.0,261.0,1.0
27.0,-148.0,146.0,0.0
56.0,1906.0,45.0,1.0
34.0,318.0,133.0,0.0
33.0,50.0,246.0,1.0
44.0,2403.0,180.0,1.0
43.0,0.0,110.0,1.0
34.0,16.0,990.0,0.0
34.0,464.0,173.0,0.0
29.0,9.0,262.0,0.0
64.0,43.0,117.0,1.0
33.0,5235.0,67.0,0.0
30.0,81.0,121.0,0.0
31.0,40.0,123.0,0.0
34.0,475.0,1156.0,1.0
31.0,64.0,208.0,0.0
49.0,3096.0,147.0,1.0
36.0,495.0,157.0,1.0
39.0,607.0,454.0,1.0
57.0,3071.0,63.0,1.0
35.0,71.0,836.0,0.0
36.0,9019.0,952.0,0.0
36.0,480.0,213.0,1.0
36.0,179.0,411.0,1.0
31.0,2363.0,247.0,1.0
43.0,1029.0,145.0,0.0
28.0,3238.0,7.0,0.0
35.0,470.0,743.0,0.0
60.0,262.0,393.0,1.0
75.0,3771.0,185.0,1.0
53.0,5715.0,287.0,0.0
42.0,0.0,236.0,1.0
46.0,705.0,398.0,0.0
58.0,764.0,219.0,1.0
26.0,622.0,1451.0,0.0
36.0,1281.0,119.0,0.0
43.0,60.0,487.0,1.0
37.0,196.0,66.0,1.0
30.0,-970.0,194.0,0.0
40.0,9374.0,7.0,1.0
31.0,614.0,72.0,0.0
38.0,15.0,121.0,1.0
34.0,9851.0,128.0,0.0
34.0,250.0,193.0,1.0
32.0,-32.0,145.0,1.0
32.0,1670.0,183.0,0.0
32.0,1031.0,84.0,1.0
46.0,405.0,138.0,1.0
28.0,330.0,197.0,0.0
30.0,34.0,289.0,0.0
33.0,0.0,83.0,1.0
36.0,-679.0,172.0,0.0
38.0,16957.0,208.0,0.0
26.0,245.0,16.0,1.0
50.0,3025.0,168.0,1.0
66.0,1048.0,971.0,1.0
32.0,736.0,700.0,1.0
59.0,671.0,219.0,0.0
35.0,0.0,1073.0,0.0
46.0,-35.0,304.0,1.0
31.0,1094.0,93.0,0.0
46.0,2154.0,87.0,0.0
43.0,2731.0,11.0,0.0
26.0,856.0,95.0,0.0
33.0,-416.0,767.0,0.0
45.0,776.0,232.0,1.0
34.0,1464.0,350.0,1.0
36.0,16.0,95.0,1.0
41.0,2105.0,134.0,1.0
58.0,781.0,74.0,1.0
33.0,4897.0,151.0,0.0
45.0,248.0,212.0,1.0
26.0,96.0,612.0,0.0
45.0,13117.0,42.0,1.0
29.0,2325.0,125.0,0.0
28.0,14.0,201.0,0.0
60.0,1472.0,36.0,1.0
52.0,-9.0,123.0,1.0
30.0,6900.0,816.0,0.0
32.0,2366.0,127.0,1.0
33.0,349.0,182.0,0.0
32.0,4.0,132.0,1.0
46.0,96.0,151.0,1.0
44.0,-1746.0,218.0,1.0
31.0,236.0,211.0,1.0
35.0,0.0,326.0,1.0
45.0,2033.0,123.0,1.0
51.0,95.0,1309.0,1.0
44.0,10888.0,163.0,1.0
45.0,2571.0,146.0,1.0
32.0,55.0,546.0,1.0
23.0,4.0,395.0,0.0
33.0,1909.0,191.0,0.0
38.0,62.0,212.0,0.0
58.0,225.0,122.0,1.0
31.0,3283.0,258.0,0.0
50.0,433.0,47.0,1.0
43.0,105.0,668.0,1.0
44.0,-14.0,179.0,1.0
38.0,171.0,172.0,1.0
35.0,7050.0,222.0,1.0
44.0,7138.0,809.0,0.0
42.0,3068.0,429.0,1.0
27.0,-79.0,385.0,0.0
38.0,12877.0,118.0,1.0
34.0,550.0,601.0,1.0
46.0,4958.0,64.0,1.0
32.0,577.0,101.0,0.0
34.0,0.0,214.0,1.0
41.0,3992.0,281.0,1.0
26.0,461.0,214.0,0.0
32.0,-59.0,192.0,0.0
34.0,573.0,122.0,1.0
54.0,1157.0,98.0,1.0
45.0,0.0,768.0,0.0
30.0,940.0,131.0,0.0
41.0,4900.0,121.0,1.0
37.0,378.0,514.0,1.0
34.0,6766.0,210.0,0.0
63.0,1084.0,201.0,1.0
45.0,58.0,119.0,1.0
46.0,179.0,194.0,1.0
42.0,14752.0,107.0,1.0
41.0,288.0,221.0,1.0
69.0,2144.0,417.0,0.0
