28.668287,-4.28146
31.952948,44.313595
16.798462,32.77504
16.028639,-35.463913
-4.067914,-38.254757
-53.416286,-3.3662026
-3.9825137,-37.419212
6.117375,-19.01709
7.7435493,-50.753864
7.200352,-14.025382
44.067814,-3.1448839
22.910585,-31.976316
13.230535,-44.49963
13.773188,27.562693
-26.037628,-43.144886
17.862684,33.277576
-9.349389,-7.3605046
-16.746044,32.213867
-29.719318,-40.537685
-0.19004878,31.549892
-49.90075,20.758179
15.696136,10.1981535
-42.770897,-25.662527
-4.36543,21.251585
26.722244,-31.736555
37.82411,-0.72476184
25.599184,25.814976
42.491478,3.2248373
-0.14357464,9.754251
-13.595197,-35.794212
-21.376286,-41.950653
12.097781,-46.744076
26.497774,27.318077
16.834227,-29.387451
35.98765,-20.782469
4.359435,-48.07859
-53.171,-5.985774
25.851038,19.202314
-7.847205,7.7725554
-8.178732,-21.258959
-7.2636695,-21.453037
35.069,-20.10886
-44.862885,30.93015
6.190196,19.782946
26.003555,-10.885128
20.26964,-31.939777
-0.46591857,-23.523813
11.958763,-31.143002
32.43197,43.40224
23.647049,23.305622
16.267822,9.690173
-5.653948,-37.961864
0.19055404,-22.515093
6.034259,-7.2065825
20.257807,-15.089864
-31.304888,46.898243
25.343311,38.51919
12.526404,25.720476
36.517487,-22.674795
-30.377913,47.2476
36.228024,36.52374
-9.423075,-46.763393
5.248581,-18.331587
38.97136,3.1119654
-43.06988,30.863667
-5.844635,-22.515772
35.168194,-7.035405
20.557734,-12.757441
15.007815,28.647497
-5.244047,8.61233
-1.0804759,-25.089605
3.459439,35.092075
-43.616863,30.067247
38.944893,16.913712
30.6225,22.431019
16.09434,-28.835606
-43.088528,-20.168634
-5.9792814,9.404341
-47.001987,-14.759656
-26.05042,-25.356535
-11.825113,-41.415424
13.661,2.286272
-7.3023834,-22.511906
-4.1787744,34.001038
-9.839698,-47.274788
32.82339,-21.735704
35.253006,-23.856428
28.06655,20.763855
-2.4210482,12.588348
24.672655,-36.13787
5.836628,-39.559715
12.20863,-45.20357
30.991125,41.14319
26.264526,19.690678
34.391766,-25.449165
-25.146975,-43.842567
-36.293663,42.083435
-51.024563,-10.726281
27.672836,4.7445188
28.790434,40.796444
-36.611015,-36.550648
11.379649,24.807484
-5.4989185,-37.057484
-28.018559,-23.97404
-9.656307,3.7738476
27.685379,-11.598853
12.8892565,9.684511
-11.518252,32.768913
22.383383,-32.18819
-35.18085,-27.080767
-13.9211855,32.532852
-10.266425,2.3163052
20.851665,-14.21863
-22.632524,-44.316505
-37.62269,38.657875
-48.960823,-12.554073
23.733765,-32.246403
16.652197,17.430574
12.230492,-35.132
40.527683,4.139244
-35.137993,-36.84255
-51.692112,10.934127
38.836678,0.6168046
41.121918,15.262813
-41.329994,-28.773565
12.186586,-46.2288
-51.435883,-4.57612
11.663532,-34.239006
10.711847,-45.2161
-51.885117,-7.4460535
-50.60763,-3.783015
11.006813,-46.002094
28.494768,-9.755162
27.229967,37.7043
-51.79134,-11.841073
13.01241,28.37432
15.882454,-41.998528
26.058653,-30.086992
-1.4332589,-42.12645
-43.757183,-27.047798
7.000564,20.394306
10.648594,-0.8239957
28.292135,14.305035
26.688925,-35.841827
-0.78010774,-47.762287
19.281971,-9.847613
-20.72008,-41.552364
38.113865,0.083409004
8.154337,-40.998756
41.836525,2.5699708
-47.99268,21.103762
-23.053503,-40.925835
-43.244823,-24.128788
31.831,39.837166
-0.2533167,-23.970053
-47.933617,24.152275
-36.326225,41.26709
-21.146471,-37.62005
-9.181789,6.679951
33.5842,-3.0323493
-31.417564,48.09143
-32.543423,-37.101967
12.175221,-29.786072
-10.906142,32.892487
28.842813,41.218872
-1.3687018,-24.243979
-11.85101,-47.890667
12.517952,-0.51520246
4.0867977,14.990709
6.9086466,19.946747
37.56306,-25.525623
44.02053,4.162136
-18.666128,-46.8694
9.61535,21.898024
38.214153,19.074488
25.666065,-32.49545
13.564922,-34.679153
4.8098993,-15.605653
-31.595888,-31.422714
3.2687974,-16.21888
-30.482445,48.97557
42.499794,-2.5628061
-26.079851,-42.012993
35.12564,-21.196997
-42.985092,32.442627
0.8921854,-37.370773
-48.147724,-0.18094614
38.98158,38.585472
38.971527,17.227018
-27.730982,-23.524643
43.425835,-4.513497
12.663355,26.601587
-8.527171,-49.06865
0.263403,-45.005722
6.005938,-8.788806
33.54947,-25.156752
-47.966583,19.064722
28.262508,-28.765764
27.092669,6.2338247
22.50169,-34.250027
1.2389922,-43.009983
17.265644,33.42591
-45.294327,-21.383345
27.56598,36.433422
-5.4946322,24.328798
33.86436,-21.460367
-10.096868,-41.294674
38.92802,40.574837
-21.698507,-39.034565
9.232811,-31.760166
0.017228762,-47.756012
12.527096,9.473209
-41.21724,-19.593073
20.91689,-11.698145
-4.291912,11.330443
5.4949265,-41.057762
-43.64393,31.679636
-10.266546,0.53320074
39.55363,1.224292
-52.78019,7.7333326
6.266842,-47.349716
40.22954,-24.497168
-51.49681,-4.0493207
-29.443098,48.931248
8.604716,22.732203
0.1798856,15.690812
-13.430101,32.358074
42.290173,16.541878
20.95622,19.282904
-1.8597903,-43.22943
42.47391,1.6703361
1.7321277,-21.370474
-40.226727,-14.317251
12.031333,-31.993994
-13.706707,-47.20705
-35.618343,-32.505222
23.435688,-18.921879
-6.5710163,-22.446754
-0.96314496,-22.258692
-51.932297,-10.990352
43.667683,4.7210774
-2.4544966,11.372905
37.999016,16.956474
29.484634,22.289375
-40.048943,36.537647
-43.068245,31.544056
22.894146,-11.917312
22.345692,21.841877
32.627964,21.091784
-51.794563,2.0838962
36.1591,-24.041822
21.315693,17.564808
-52.829742,3.2254024
5.903901,-17.319546
-9.762858,31.240738
-14.630127,-45.362637
-8.564344,29.246958
10.047029,22.404144
-0.46375906,-25.04012
-44.761753,30.342773
33.928272,37.151707
-47.96419,-13.2157345
-43.864864,29.470535
2.894813,14.898279
-9.732154,-7.879814
13.614012,30.90546
13.255352,21.561237
15.957652,31.2418
-44.3509,-17.703638
18.138525,9.608719
-9.44973,-9.33041
17.19596,2.8769321
-27.347927,-41.986008
-51.07956,5.2550125
29.938242,-27.257315
-48.76791,21.494776
14.1457815,-33.204437
-52.87179,4.6200233
36.528233,8.555017
-9.432145,-5.8897114
-49.781994,17.050785
-28.324068,-37.526306
-9.061386,-5.2919188
36.704216,46.68415
8.337348,22.33875
16.886003,8.689293
-33.761543,-29.518076
32.127956,-3.287908
-0.7128809,13.384127
-3.1485317,-18.509373
-13.771867,-35.671703
17.63062,4.442651
-3.7057648,-22.957153
-50.85864,12.540153
-4.5389075,32.131092
24.905584,38.259968
-54.137802,2.1067758
38.334053,-24.58055
-51.790855,-1.7772595
-2.5143847,-43.53968
29.337994,19.24104
3.0863588,16.177229
7.4343457,-40.579025
-47.076233,25.19392
9.119796,-46.429657
41.660503,-5.2961254
-27.508123,-42.90224
-14.625864,-46.971542
-3.7075205,34.30127
36.36243,-1.3088973
-48.98856,-2.449604
-44.567272,29.67521
40.457214,10.564238
-47.0125,25.925478
15.264232,33.920723
1.4889041,35.17448
-32.761448,45.996174
-2.060336,13.204936
38.97446,-27.18653
4.4423013,-8.499339
-9.521034,-42.711082
28.560583,3.868901
-2.9700482,32.683884
13.0487995,9.478997
35.77485,-6.608403
39.055004,10.445754
7.1711636,-39.676636
34.25227,-23.415415
-15.012579,-40.56609
12.527747,-46.439266
-1.911205,-42.39129
-44.48244,-26.25711
32.61994,36.71922
11.2683935,-0.044853922
0.79120046,14.507005
5.0515814,-40.831257
36.778824,-25.320765
31.89466,45.745678
34.96375,15.458441
4.7718906,14.761114
-0.18333673,32.940155
-5.690526,-38.21836
-14.845214,32.478344
-16.16896,-46.654747
-6.596523,-0.9379169
37.4122,-23.9018
-38.32794,38.061615
6.9484925,-46.84412
-33.914494,-33.076065
-10.249036,-38.905567
-33.464825,-33.42124
4.6394444,18.127151
35.975216,-25.37582
26.140558,-22.952608
-42.250164,-29.342203
39.935146,-24.651325
-5.326174,32.625603
-49.002686,-16.044771
-22.87365,-39.01416
-39.402397,36.46539
-4.26016,-13.109136
36.48673,-5.575445
-47.798283,-10.339832
19.439745,-9.129359
-10.516718,3.796215
-44.97883,24.711834
-10.822755,-36.668186
-14.807421,-47.0398
26.847898,-34.871006
11.034763,-40.371426
-4.1811767,5.909129
-50.339138,-7.7421947
32.80825,-8.683491
-13.723854,-38.59732
35.995,48.1976
33.72831,-3.4358273
27.317928,14.874991
-3.225617,-37.65294
27.581438,-29.988758
9.39873,22.767038
-6.050312,4.108321
-42.52939,31.33824
6.146048,-14.19252
2.6248748,-43.1928
33.981396,20.804708
39.882687,9.607918
-32.030876,-30.561497
-40.524525,34.298134
43.833584,0.4715508
12.019003,29.056713
-14.840241,-48.277977
-7.9966183,6.788718
27.059551,-31.214605
35.49007,12.362326
-48.478634,20.021467
-53.15843,1.9137641
-4.3814325,34.742813
15.194255,18.265705
-31.367496,-30.033092
-40.607853,-13.93234
42.86665,2.8483129
-52.198944,4.864876
17.163874,35.42797
-3.6159256,8.07504
-13.657178,-38.912197
10.26875,-33.599182
7.3955646,-13.036338
-29.994387,-33.05965
-27.840973,-40.508293
37.701466,17.131737
-46.252377,-12.124048
35.046684,21.538157
39.38136,13.951418
-37.886253,-27.194904
-51.337994,10.691803
6.148159,-9.17092
-51.515446,12.298943
-22.603073,-41.42339
16.67828,34.705227
26.00702,-22.019548
4.0075707,17.653637
8.011284,-47.07927
37.17187,46.72417
14.090662,15.066351
-26.010387,-42.421192
17.286394,-29.824522
16.630674,6.6547847
-36.667923,-32.29481
-22.710735,-39.45871
-11.421183,23.719503
29.926092,43.225796
-8.578425,-48.019268
27.947557,18.1354
-15.877426,-45.725307
2.590555,22.543478
16.674608,35.089043
16.993793,33.78304
-51.346287,-12.853086
21.856611,-34.571625
1.9615991,-42.213795
28.699753,39.216606
35.33909,36.833992
-29.969997,47.431168
29.282286,-4.9592047
-42.4173,34.26593
-27.430948,-37.97631
-6.7436724,2.5921595
40.244663,-25.383116
31.718407,-8.782213
-37.25507,39.257385
-36.428673,-35.692204
24.199833,-19.70724
-3.419937,34.582375
39.946247,1.0887192
26.786686,29.974003
6.5092573,19.322746
-9.869956,-48.412785
27.234964,33.91589
-27.916872,50.636486
-8.55283,5.665852
-41.60892,-27.111141
-11.374699,-44.83591
25.268364,9.112619
-26.057537,-25.358047
-47.879303,-19.35466
-42.59276,31.935055
-6.9609585,-23.098984
-31.980352,47.471153
-46.096004,24.822662
26.865572,3.7228696
-49.086365,-10.765089
9.524919,-0.6939149
-5.7615967,27.418924
26.689806,-1.2320302
-28.92986,-39.62553
22.83051,23.67587
-38.036922,-24.652708
-11.400477,21.946033
17.85594,4.231941
13.633255,-0.66648257
-8.373194,6.340351
-45.78009,-21.469975
29.297283,22.380892
11.382851,-31.260448
-26.65509,-41.58326
-6.3760533,3.5518484
19.202358,23.072664
43.5586,8.499693
-50.70076,11.465854
-36.2384,40.218388
14.3532715,-28.179447
40.06318,14.288436
35.760246,0.16645004
-1.6095165,-22.829876
5.843592,-41.97127
22.327211,26.633009
39.93138,0.7311017
-31.064194,48.701332
-11.143549,25.024778
23.073282,25.79048
42.058033,9.650029
24.695726,-10.652024
-28.403706,-42.260967
-48.50016,4.565727
-51.398434,-11.524186
32.634186,-3.4686158
-15.847726,-40.068653
38.99313,-25.294605
14.583669,30.234966
-51.805096,-2.4250493
-33.728497,-37.48566
-9.250556,-8.721854
26.263323,-20.875706
12.904604,-43.687004
-0.00563662,9.316436
-14.649711,32.849277
-4.6596575,-22.248768
-11.651338,-40.65908
-25.495432,-42.704937
28.991755,22.591682
38.705223,38.90649
-48.819683,21.95975
-48.991783,2.4456563
13.010086,-1.9499205
7.2580214,-9.313222
38.437943,-28.247217
15.46314,30.812954
40.768375,14.086062
-49.785065,3.079339
-40.586544,-11.822037
-36.057755,42.381107
-47.652924,-15.612995
-24.6593,-39.55286
33.47552,8.55432
-8.0361,23.398506
23.561975,-11.85079
-50.65528,3.2972035
8.661658,-46.988506
4.9789777,-14.465542
14.76785,-44.131535
-50.609497,10.906405
24.462776,8.623493
15.234238,2.1819768
43.436893,8.421218
-5.544542,6.986909
-50.41269,-2.7930412
22.952291,-10.177824
27.64908,22.065786
-46.885727,16.923458
-50.763165,-9.3002825
-10.441269,32.427105
23.013115,-13.053269
-48.586147,-18.421917
14.511223,2.3818748
0.42737824,-45.380123
-8.073483,-9.152086
7.019902,-9.04983
41.910786,10.865223
-46.87675,-9.606196
26.53995,-22.125235
-14.380586,-42.745853
-27.983046,51.12381
13.702653,-42.454792
2.562409,-13.218286
-48.530663,-16.603445
34.93004,37.593185
10.6411705,-48.14279
21.783766,-14.738274
-4.13003,21.3957
3.4314654,-8.88169
29.108107,-9.379494
-41.27107,-27.92974
28.096342,19.500177
35.206852,45.532825
19.411163,37.0981
4.2838583,-10.430099
-9.255191,2.161713
21.42347,-34.2819
41.40821,14.843419
-0.16396232,-46.70649
37.768757,41.394524
-13.141307,23.671646
-0.6599618,14.46509
22.550343,35.501926
-51.826473,9.814203
5.4997606,34.03024
-53.40454,-4.182574
3.335684,12.468468
20.56619,34.174816
-5.0068064,23.59977
5.1403003,-17.70895
37.517742,10.576716
44.10609,-4.353078
-10.759108,-41.198967
15.991395,2.351625
40.643734,0.12844735
27.363453,-20.283833
-10.051738,0.15859638
-2.984232,12.8946495
-1.252463,14.112404
28.995262,-11.064937
-52.489964,-6.022383
7.5533605,30.94709
1.7229508,15.962665
44.511436,-4.97143
-15.6087675,-46.410492
18.269596,4.51974
12.068635,27.13985
37.56338,-27.178236
40.03974,3.7621536
4.557636,-17.78833
6.9546733,-40.94336
12.378465,27.28414
-41.861065,-25.438395
27.438284,22.803078
35.979637,36.3476
2.1144416,-15.232126
8.749042,21.900814
-14.605381,-42.38247
27.79403,17.00867
28.235569,-8.984171
-33.244873,44.504494
38.404827,18.042946
35.833225,16.003782
34.263203,45.195957
26.349277,8.901796
-47.800957,-18.923006
-53.766117,2.644046
7.5290465,-46.103634
26.179033,6.905968
35.919373,42.50365
40.416622,3.107264
2.8479917,-9.176165
-37.80149,-30.966068
0.6005264,-12.341124
-47.252655,24.134596
25.159748,37.560543
-29.811129,49.634834
36.811913,-4.816452
5.7222843,-9.150141
-20.325634,-38.802277
6.34291,-12.235634
-3.5473495,8.965018
-53.672085,5.1763635
-4.5069203,-13.032463
-35.559975,42.354916
-12.879886,-47.47918
-9.869464,-5.3584585
9.107007,-47.855618
-6.3417196,-21.672739
-7.057113,-46.115704
-40.524265,-25.013208
23.88846,-11.111069
-38.02696,38.781307
-51.698135,7.706571
-20.598534,-44.068066
-3.410519,-19.075397
-11.137551,31.551893
27.837831,-29.158968
-43.726654,-19.721443
8.125361,-48.22171
28.856499,20.034538
-27.638779,-23.586788
9.465471,-32.928093
27.250904,-30.57863
25.152664,33.55218
37.65466,1.0768858
32.438843,43.905277
27.409096,16.158184
-2.201353,-23.807316
-51.960598,-10.375749
-15.946014,-48.101944
25.211376,39.843407
29.085398,-10.177952
-32.61868,45.2259
-36.79464,40.412468
14.1804495,-44.674088
12.878817,-29.767046
-16.066563,-40.87444
12.498906,20.329437
5.1611495,-9.995229
-8.290974,-39.431458
-9.754466,-43.80019
34.965687,-6.595913
38.107952,37.51916
25.819532,4.502767
34.225758,13.797005
37.277767,19.0357
22.64452,26.107351
32.314514,8.738151
14.981318,2.5083215
-12.1588545,20.998695
20.03955,-9.029366
-43.45266,30.932514
-47.651085,21.095364
37.98378,13.931741
8.395877,-50.132336
15.752986,9.069115
21.418716,20.69567
-7.1779227,27.790848
4.3729897,-40.25275
-1.0872251,14.206488
36.707718,47.1693
-50.145653,12.467825
5.90264,-50.52643
-52.50459,-4.384336
-9.675489,-7.2841988
37.019234,-5.7809725
-54.26643,-5.5997977
15.18115,-34.938583
-8.588811,-37.443813
43.480854,1.0992076
-9.13027,-6.3403215
9.221618,21.549763
-35.153725,41.859074
35.844337,8.427782
-34.37086,-35.296597
-42.17521,34.68203
-33.11322,-33.82647
28.343765,5.5554214
-26.08174,-26.497078
33.156975,39.50468
24.61209,33.940277
-11.998824,22.157387
43.153694,-0.49852496
35.93173,37.06915
-41.88305,-28.751806
-32.15935,-38.617424
7.443901,21.68378
21.888477,18.794268
-9.85922,-47.716652
5.5056844,-15.720204
18.389275,-36.162857
2.8152332,-8.664401
19.755085,-33.257626
-44.761753,30.342773
31.424822,-23.983166
-34.64953,-32.675995
32.826725,43.806534
28.51696,15.749141
-7.660852,-46.903152
13.945297,-43.96725
18.518166,33.295746
-10.972597,24.571655
41.826767,-0.23711741
9.43075,21.050308
-46.832317,-18.004805
36.353584,37.173107
12.03087,11.233547
-48.538097,2.9896922
13.1807,0.6250536
34.30932,-4.3606777
-1.4674745,-12.759668
-46.92988,-20.109549
36.319633,-23.423103
-41.27491,-30.69351
30.51559,42.883034
34.205635,45.768097
24.997332,36.477192
8.367317,20.88607
32.225704,20.618908
-31.731932,47.05829
16.28712,30.816076
-47.27415,18.668411
-38.25502,37.503433
-4.546147,-38.303543
-4.930606,9.786049
26.683744,-21.614534
-1.8111378,-40.536648
7.3046765,-45.473072
-51.1009,0.03104046
-47.259132,18.037039
29.062191,-4.33108
-27.783804,52.91482
-34.711864,42.763847
-1.2529144,-24.807318
38.51716,14.787753
-1.2758714,33.097355
14.327832,2.7910302
-47.048504,22.099451
-2.3992624,-44.675446
-3.9550235,25.929176
43.515785,-3.8140314
-3.7036,-11.902101
26.456282,-6.338375
-6.6111264,-20.71376
-9.06651,-47.177765
21.892464,17.854662
-35.528862,-33.929527
7.817407,22.209888
-0.6509764,-46.4108
37.38029,9.508031
-5.5678253,-48.322056
24.952986,-6.9497313
0.5332128,-21.206442
-47.889465,24.69215
26.117214,-7.975077
24.481293,-35.005737
-52.593964,6.4414787
-37.483994,-35.48205
13.417014,30.077717
25.35802,-33.871784
19.528307,-15.296791
-7.8352838,7.8939347
25.010534,-8.432074
-11.058289,26.602678
20.480408,-13.275975
-28.632465,49.895443
9.430087,-32.56344
26.006525,-24.410477
33.604794,-7.877417
-13.986894,-44.377266
-51.39411,-7.335985
40.22776,16.720034
2.5717638,-40.984554
-52.446648,9.592538
31.315062,36.58098
24.01215,24.6923
-0.4494544,-20.980738
34.42115,-23.046013
-43.43342,-25.785769
38.407314,-27.698612
1.1262369,37.015244
20.849167,-36.270283
31.369968,8.648994
23.784174,-34.912605
29.1017,5.2546597
35.017887,44.76631
-51.024937,7.5777173
-14.988993,-46.03795
-3.5942817,-13.057884
-12.190968,-36.233166
-50.581715,-2.282932
2.4001436,-12.337246
-47.31256,-16.579025
-11.140247,-5.405697
26.693449,-31.910767
-40.8469,-13.407615
34.201405,16.665276
-27.771744,51.456978
-33.48596,-37.010826
-40.00028,-25.953955
-36.65662,-28.927113
35.42557,-19.03885
42.6456,7.9649816
0.010827063,-12.393721
-27.572235,52.556522
-30.758375,-32.11331
27.803503,-19.443272
-40.698097,34.12697
21.630085,19.416882
23.306065,25.903591
28.209383,-27.116829
-41.95371,-28.20111
-40.40762,37.610367
6.759183,-18.478865
11.430906,-35.635696
-0.5294398,-22.050262
-47.809494,-21.132927
-27.7444,-41.01976
16.07598,10.752614
26.089033,26.557297
-27.683859,-24.832474
36.227375,44.651413
-8.56431,6.865206
27.472504,15.842905
-3.6750302,-12.26966
-46.046837,26.566965
28.414028,13.53406
40.056667,17.267805
-52.132618,10.304644
-3.0933678,32.99881
35.453106,37.497025
-38.651722,-30.591963
37.09735,41.679974
29.292604,41.59127
37.007885,15.919482
-44.710377,-18.774916
-35.91195,-37.20672
13.13818,-45.706985
-41.219334,34.989037
-41.41584,32.702877
29.826244,42.58183
16.617907,10.168927
43.992313,2.0348475
27.938915,1.2921346
-50.948185,-2.3646681
12.14768,8.578151
2.6768444,35.044125
-11.13638,23.481203
-53.966896,-5.7762003
-41.63136,33.45754
20.5516,18.609808
-23.781078,-43.00079
5.96623,18.94994
-46.872196,-18.504642
-6.882511,-23.373491
-47.12939,1.7442529
43.669376,4.1476107
-8.259032,5.376232
-28.783514,49.130997
-28.2002,-24.911606
-52.282837,1.6556398
40.395657,9.956171
31.686846,45.112072
8.090039,-49.772884
6.203204,-43.551647
36.60748,39.82532
6.290483,20.512794
-7.868569,27.747417
33.96022,13.840241
1.1371772,-20.637424
42.327393,16.038576
-9.544444,4.770161
-6.160353,6.6514874
41.566586,2.0664449
26.278511,6.4645247
-54.526863,-3.6678336
20.01637,-10.320166
15.318039,10.659395
31.246258,43.379932
-49.59218,14.8991375
28.003485,15.322314
-7.5043025,-37.446014
33.499737,-22.834269
-31.66659,-29.97738
-9.682231,3.370789
12.530957,20.900948
21.203112,18.160883
38.5667,-23.981308
-41.796326,-19.275166
-54.081238,-5.1271515
-45.63547,-18.36372
30.610157,21.948435
17.94429,-32.736515
4.886288,14.381292
25.016632,-11.833279
-42.881172,-28.908394
-33.80921,44.918625
-25.272263,-40.549656
15.927872,15.538142
-5.95567,26.387075
13.803512,29.012781
41.85414,16.47324
7.685499,-41.333508
24.39011,-7.0785403
19.384352,22.686033
36.58823,-26.270872
-6.6756387,22.604713
26.911446,18.221823
25.897133,-19.797625
15.057554,1.673013
12.94906,21.321615
21.594082,21.19378
-41.836964,-24.093283
-7.598713,-21.718924
38.965675,11.696144
20.327105,34.80479
24.667398,-34.811985
-47.031654,18.165478
-10.088759,-2.7447746
21.887842,34.421467
-53.142548,7.0937147
13.241483,26.70995
31.581259,-25.292114
-41.69771,33.964138
-35.147366,-32.441013
12.152067,25.90446
-49.31287,19.424528
-44.72441,28.176504
28.130777,-10.143479
-49.713066,-17.685915
38.271614,-28.59334
-26.168259,-36.774986
25.224127,-34.868614
-41.72896,32.87712
-37.565746,-26.216965
4.099494,-15.604948
-50.040516,14.686768
-27.885847,-37.89822
-10.663515,-45.65026
17.86379,34.73249
-2.9375446,7.750535
18.46079,-32.798443
23.563374,-31.931826
28.666367,3.520112
-28.421398,50.893433
-31.178608,-31.58851
13.425451,20.687344
-52.908775,5.9939003
2.576462,-41.674767
5.950526,-41.411133
21.724072,35.44652
-5.989263,4.638256
35.40644,-4.714087
6.0182986,-40.62249
-23.258621,-37.937172
-47.752834,-17.778305
-29.60437,-33.68386
31.749403,42.947147
38.206112,-28.003675
-44.28219,-19.253662
25.54181,-22.281507
3.59084,-9.405662
9.57571,-45.438023
19.674625,-10.096217
-33.138844,45.66825
-13.2654295,-41.114075
31.53666,43.86748
-10.104706,4.20568
-30.618248,-37.27704
-23.928734,-39.90396
35.9671,-4.423891
-49.571228,-17.414774
-12.9219055,-43.30157
24.857351,-32.84352
31.353676,39.763306
-47.59871,-21.719986
-18.247154,-45.201214
38.288498,9.6982975
37.313892,-24.564693
-8.668733,31.077925
17.050999,17.261465
41.65406,-4.1157036
-4.0117245,-46.39572
37.572044,-0.17133184
36.262016,-24.602118
24.311934,41.58749
-7.894701,-9.975995
-52.504303,-7.614366
-51.52188,-10.822775
11.608656,-31.781675
26.52194,5.697972
37.545067,42.45136
33.35994,-20.78418
-0.968405,-40.734756
14.070377,30.35793
-9.07439,3.8940055
33.646915,17.792458
21.804607,18.056229
33.82915,-3.5724938
-7.4127064,-48.230915
-46.953476,24.31929
-31.26296,-33.33854
-48.50276,2.1934125
-1.9082602,12.381268
12.09167,-0.8382898
17.822742,17.48696
31.27216,41.00354
8.060929,31.936863
16.237003,9.143884
-3.5302503,-25.16962
-0.40337595,-41.750675
-9.847412,-2.4565954
-52.671078,-10.1268015
-40.99711,-25.39753
36.146923,-21.46566
-3.872165,32.846413
-4.344668,-47.709217
-34.18789,44.265175
15.37382,32.484585
-2.8423076,-41.682644
26.307896,23.038803
27.00515,8.003866
22.172335,-12.252962
-4.040203,31.226728
12.521486,-29.258194
-9.534125,32.587955
21.357029,-35.04862
27.08869,-6.111007
36.324944,0.7253628
26.40648,-34.471558
37.668728,45.76949
-0.59955305,-23.171154
-32.42244,46.654766
-4.3951902,11.307876
28.784904,4.5829864
32.866173,36.243626
0.12714058,-47.334
-9.484747,-0.6052952
36.12842,-23.041658
26.79055,30.59473
-25.657984,-39.274673
11.707342,-30.360998
-6.9203973,32.181232
-9.733816,-42.761032
-1.825997,-41.97037
7.0860887,22.248173
-47.32163,23.129652
-51.796528,-9.877908
36.134987,-28.253326
2.355812,21.617954
0.9199606,37.46089
-37.69239,38.09213
16.660051,32.226223
-36.903263,-36.116077
32.136093,44.9782
41.0357,8.5110035
-30.672888,48.27793
2.032991,35.76325
13.563326,8.0356865
9.6916895,-33.70984
-3.0660183,12.276007
-43.9046,-19.828821
-13.197813,31.77078
7.463089,-13.67263
-6.184234,-23.502935
8.191964,-31.961622
33.605984,45.88279
-35.587593,41.44884
16.151474,16.228079
24.565012,37.849205
22.349876,35.98035
0.21585059,33.227768
-41.13044,-24.65016
10.08202,-40.69352
-11.160029,-45.799046
26.154888,-4.0848737
-29.284176,49.737083
-15.695696,31.98156
-5.053067,24.205738
31.447548,22.366034
-28.105293,52.78747
6.727111,-13.624901
-12.09894,-34.784683
-26.768774,-40.479473
3.4166741,-10.075876
-10.312134,-46.62858
-45.584595,24.195383
-1.3648765,-47.03325
26.330044,33.89281
28.072144,7.0127316
30.590582,23.594526
-14.699441,-41.6785
10.05306,-29.265
7.858806,-47.607204
-9.818949,-1.3662219
42.44012,9.613675
-39.37635,37.65368
15.140661,-28.691906
-3.9181235,25.799673
-3.3958366,31.738066
-1.4450514,-46.11127
-52.393234,8.143679
44.117393,-5.9408555
13.171697,10.38232
1.8645608,-39.830353
21.474802,-11.791644
32.56368,-23.788952
-5.865072,33.266735
37.662014,17.84736
14.0026455,-35.143482
-9.879522,2.879015
42.42073,2.7911298
-5.5604362,32.244007
-2.9879167,-12.449637
-48.352367,-0.014061307
20.819935,-10.981617
2.7317567,-13.849949
-52.08523,6.051062
30.993631,-24.969307
43.426502,7.4916153
16.687096,16.2932
38.73855,11.929768
-40.812336,-15.386359
-40.153046,-17.027197
20.684246,17.789074
-50.247467,18.453703
10.736012,23.159721
-5.3149667,25.76658
38.018288,11.779201
15.037845,15.254263
-46.822674,16.654522
13.036885,22.098986
34.546837,14.383575
34.132515,14.775608
43.577236,-4.1974034
-28.515846,-38.76351
39.311546,12.991232
-8.903283,6.092309
-40.71599,-23.920513
23.779594,40.298923
27.82892,16.156422
-5.055338,34.21851
-44.76764,-24.882614
36.518257,45.119316
-31.917664,-35.52752
40.66738,1.036331
-50.550186,16.907785
-9.882359,32.64383
11.495602,-48.005608
15.033209,34.405117
-28.029297,52.023285
-16.138586,-46.90966
-9.471041,-39.95491
-8.498349,31.99298
-3.2926736,-45.468544
16.869436,31.182203
39.630028,15.139561
31.704906,41.280083
38.641098,39.495808
-11.218887,-7.0312977
25.33727,5.211166
-9.909774,4.359185
20.851303,34.621906
32.80012,20.325617
36.822906,-28.11124
-47.388958,-19.508364
-10.399219,2.795225
19.368847,-32.116474
38.346554,40.13967
-39.07487,37.49127
-51.68331,3.210567
-4.8469453,10.286139
-2.6224482,-47.525322
-9.789939,-40.893482
7.2410054,24.051884
-50.61454,-7.2734547
-47.00808,19.54852
30.60948,8.869207
-40.311306,35.41352
2.085614,14.661828
36.24704,-6.2946386
14.822569,1.069303
32.258106,-8.97671
0.5918384,-22.269947
-32.09598,-36.92424
35.932583,13.562574
41.56402,-4.691625
37.177296,40.580357
-2.6090162,7.4259324
-53.483295,4.779517
26.85816,-2.5587485
12.056465,-39.908676
-48.532005,20.7904
4.9777994,15.588651
28.025116,21.358883
41.73443,8.6499195
-35.780827,42.851204
-41.72425,-21.349314
16.021503,-35.206425
-8.297113,-47.052444
16.11191,33.462337
-31.346214,-39.202385
37.15061,-28.576363
17.866365,22.848082
36.107464,-5.4231086
26.014084,40.648056
17.811,-31.342148
-53.451317,-2.8693776
-10.297345,28.732035
5.1932154,18.56301
33.43625,-25.817215
39.501217,11.983324
-11.31815,30.22511
28.001637,35.326252
14.864798,-34.54793
-0.17692925,13.589744
-1.7827504,-46.624737
-10.145844,-3.5225213
27.502874,7.7089996
12.825566,-0.16442466
23.4217,-11.109296
22.122713,36.861492
37.63773,18.596363
-26.797129,-36.829376
-4.989428,5.514045
20.741644,-9.898457
6.308835,-42.35139
-35.867584,41.10571
-28.190073,52.66804
-44.03566,28.867687
37.210773,45.774506
27.03458,-21.002827
-0.3474143,-20.73001
37.4679,-23.960348
14.984289,33.296837
15.6733,34.40802
-22.472944,-37.670483
-54.162357,-3.6354692
-45.957203,23.931868
31.479229,46.35381
-20.998583,-39.258915
-31.241524,47.70057
-49.96489,20.14708
25.991686,-23.859547
1.5795234,-14.230964
37.83085,40.911697
-50.184883,17.79145
-7.5363336,29.539108
-1.992782,13.864916
-49.956596,15.99964
-48.31143,-19.906893
-12.048755,-36.534412
34.739223,20.672438
26.946672,4.7032123
22.638369,25.55044
-38.459015,39.96869
-10.389429,-0.55716985
-13.231912,-38.976948
23.86205,37.606342
3.5367138,34.431324
-49.385487,-5.2128167
33.998055,-2.7308993
-46.45112,24.743752
14.369608,7.8435736
-51.036274,8.705604
-0.28041416,-22.738369
-21.049755,-40.12973
33.24042,-23.314445
-42.606033,-28.091274
-45.12964,28.784061
22.272532,-35.37602
38.928875,39.638725
12.461316,-30.712597
-8.690838,31.58157
-45.04227,29.559784
25.320227,40.771923
13.851324,1.2651175
37.185036,-27.79176
33.581306,16.047697
-49.662697,17.73
28.021702,41.32467
10.721626,-33.387814
-33.97765,-36.534595
23.519924,-18.672491
-31.112309,46.347958
26.499369,-35.23328
-3.1908348,20.56332
-15.833178,-47.395832
33.242554,9.600831
-49.6782,-16.315876
-1.2148938,-23.241077
0.50366735,-20.469803
42.952873,6.7070413
-13.637692,-36.282734
4.399567,-13.934726
-34.352604,-37.799767
26.210428,13.334383
25.369123,38.104515
-13.724086,-43.693996
10.280898,-29.08649
-3.3779395,-39.30104
43.601597,3.2369816
31.204975,-24.35984
32.185734,-8.342315
-35.673134,-26.950815
-47.428486,20.548838
40.350563,-25.430569
25.269535,6.8370976
27.462767,3.9425664
-15.358287,-42.217896
-11.187173,-5.276864
11.991528,1.4800313
1.4156239,15.762909
4.2002473,34.69473
25.405863,4.733894
-30.050194,48.795475
33.317066,44.59481
35.759876,48.20523
35.639114,14.374916
-15.473721,32.484955
-5.079718,27.413317
-5.9419107,-48.936134
18.16741,9.996712
41.811584,-2.5595882
-39.118874,39.26386
1.8768038,21.080126
-4.3087626,-25.292252
-1.3884993,-45.338654
-6.490016,-38.033714
12.870982,-28.392763
25.294043,25.854076
-45.320557,25.41208
33.898903,-21.004894
-24.531384,-41.154926
4.0266185,-17.101326
24.81506,39.330963
29.343798,-27.23346
0.9833147,-46.633354
-51.512806,-3.3261623
-41.044743,-24.240005
16.039957,35.084557
-50.90736,8.687981
28.609934,42.25524
3.5466058,35.127254
-48.712868,-4.4347167
28.959476,45.0137
37.530396,46.081734
-50.448963,9.94908
14.722241,30.818626
2.069397,-39.344704
8.16062,-12.77332
15.960812,-33.923428
35.48586,38.037586
11.566671,-36.07007
25.79783,0.14228758
6.3888073,-43.896538
-40.411007,-30.44775
-15.257317,-40.939117
0.800112,16.716177
17.065708,9.107181
0.45260584,-42.161316
7.302312,-50.07264
-2.987811,-38.73246
-29.081646,-37.68533
6.057276,-13.389491
-2.2855022,-12.198685
34.331886,-3.5547419
17.408663,5.595519
-13.700321,-36.234257
23.7183,36.69882
21.218483,-13.444366
-50.289482,15.414829
-36.271328,-27.036417
21.520277,-10.505524
14.66842,-42.101673
16.007572,31.723013
-6.3928742,5.421984
36.358078,9.352459
-9.69041,29.888702
25.137606,9.868188
-49.561512,20.060549
-8.2662945,-0.8223593
33.958443,38.479828
-53.490414,1.1188176
32.808525,-9.707892
-28.581217,-41.33187
12.387094,-33.116814
34.558224,-7.1964464
36.65561,10.010313
-10.292743,-0.32181054
-30.820711,-40.660267
-29.799181,47.958218
-29.110765,-23.930534
-46.886086,-17.02977
8.119022,21.044708
44.6177,-5.3431964
-8.04965,-38.01991
-31.549166,-37.14591
-41.029415,33.775005
34.84078,45.46213
-50.847973,4.3284097
34.05904,-24.320158
32.93609,19.597462
-9.269586,5.6363363
24.85659,-35.932377
-48.32402,20.510277
-27.539717,52.4125
-6.1062055,34.06632
29.465616,43.640602
-47.769047,20.611877
-8.235891,-8.224855
25.58468,-1.3744967
23.620155,-36.628487
18.642075,-32.32036
8.521253,-32.539112
-15.0287,-43.830845
28.119556,-5.573434
-47.836407,3.3448203
-2.6329288,7.9728527
34.722782,-21.684309
-8.926244,4.0926843
-47.11443,-21.557386
15.118623,-42.191845
-48.822857,-10.338955
-11.101768,31.25229
30.483242,-23.906279
-9.003052,32.35887
26.270102,-29.42267
-42.17056,-26.039423
-7.6870394,1.2167693
24.17183,-13.159567
-47.374153,2.0807915
28.397886,-3.648895
-35.790104,-36.584667
20.180882,-14.204912
-43.352497,-24.846378
33.82764,15.210923
-36.675316,-34.7546
0.8410385,34.91428
5.563645,19.464375
-34.5563,-37.14282
8.595954,-41.2602
1.8904669,16.087713
-38.022995,-29.814432
-5.149978,-24.732512
25.57567,34.782078
-7.272816,0.49761203
-42.244,35.593864
-6.4640465,1.6855226
-47.81792,-0.3789814
14.566883,-43.08666
-8.965655,-9.529024
37.69129,38.19483
-53.27894,4.22725
0.767035,13.084915
26.826279,-19.932383
-0.8432486,-15.780883
32.575554,44.76715
16.231058,-42.69195
-11.842444,-48.504253
5.727775,-8.277028
-49.31359,-8.798669
-40.153214,-17.041264
24.31886,-18.325382
6.5418434,-9.884247
12.818973,10.869866
-10.717904,-8.207311
-40.772446,-15.534084
-8.975356,-37.242542
15.524267,6.744229
-17.428432,-45.5336
25.277729,-37.645023
27.877453,-0.25667456
-39.399357,-29.9128
15.916555,4.939586
-37.21091,40.692074
7.867272,-47.580494
-6.0140986,31.082943
42.2179,-1.6244293
9.715851,-48.245354
15.624853,34.994564
-2.684086,32.040924
6.7978425,-16.601324
39.395367,13.122866
27.295393,-10.080278
-26.770445,-25.913519
-35.05255,-31.464348
30.254658,43.4682
-4.9005923,25.324223
25.354876,-36.495052
21.64353,-13.846131
-38.332367,-26.979067
-52.014084,4.6772127
0.14832829,13.411724
12.007053,-48.133904
26.107117,28.684479
0.8631095,17.23223
-48.95276,-3.9789648
-4.1068273,-11.404408
-29.477432,-23.976603
-14.112268,31.584684
2.7528827,-14.331825
-52.264774,1.648557
24.637003,34.2558
-12.30479,30.6507
9.9409895,-32.895554
37.317066,-0.6223617
-9.332681,-41.93611
-38.868073,37.090164
41.969727,-5.1826057
4.3055286,-14.804575
-49.413433,-8.912921
11.089535,-2.096624
25.845089,37.97638
25.639456,-9.31365
5.347833,18.223663
-46.121624,-14.777726
12.53398,-41.982983
25.790628,-34.657192
14.004038,17.89307
-37.55262,-35.125324
-54.41559,-3.0171735
37.97194,44.519566
40.57371,17.45864
24.900414,18.823175
8.5606985,-42.123264
17.558596,34.478447
-33.13012,-35.447304
28.892324,-8.469386
-49.719227,-10.075161
-40.959442,-20.66021
10.06415,23.306667
-30.312395,48.044968
-47.618645,22.856834
-31.651632,46.317665
6.5060654,-49.626755
35.766556,-5.4531994
-40.412296,-30.216457
14.131295,-43.37035
24.722073,37.425526
26.04688,34.75344
-7.643485,26.768415
-14.513585,31.385937
-31.693628,-36.810482
-54.057457,3.7080867
3.4354925,14.278579
1.0353558,-20.138178
6.477027,-11.497007
-6.286709,30.175798
38.887154,-0.08641928
-36.145523,38.525585
32.533512,9.799203
18.117899,22.93084
24.398943,-33.896587
-50.42587,15.882796
6.951178,-49.276722
-49.07726,-1.6703954
27.146608,-5.811744
23.447636,40.182133
-47.800575,-17.337639
40.756756,13.292582
-48.179493,18.47679
13.693854,15.216484
-37.340828,-26.825886
20.888859,-11.210591
15.0590925,31.577286
-54.477833,-2.3635578
27.959076,-10.64665
-38.95858,-24.97294
6.5971227,21.438309
-9.888406,31.794437
26.196478,35.000336
38.895145,10.954106
-7.3416057,-48.75778
-53.317272,-4.9426775
-37.697433,-27.846762
10.707491,-34.743645
23.772232,37.82522
15.498076,6.122825
-4.1757054,32.837917
7.636508,31.424442
22.75331,-11.315872
14.071775,-47.019176
-19.91457,-38.585716
-2.626286,-12.612767
-45.09761,28.26126
5.7330256,14.112934
29.892246,44.251465
-47.408337,-19.830011
-4.428477,31.625109
30.13519,-25.999632
-50.73303,7.676664
24.386236,-7.7023897
16.42199,3.5084705
18.366678,36.62247
-47.901157,3.5810313
-49.37264,-4.34169
-51.830994,8.977007
44.090923,-3.858766
-28.762274,-36.753033
-8.26111,-38.496136
-4.3169346,-12.170775
40.956818,-1.4980783
12.821907,0.758358
12.942143,27.747753
34.928326,44.861805
-8.69321,30.123497
33.508354,41.904118
-27.730808,-37.29209
23.915306,-18.7662
-21.282368,-40.88787
-33.96995,43.601494
8.788191,-48.031826
-3.259914,11.774599
-45.16037,-23.868242
14.390461,-34.519493
42.3951,-3.5278943
-6.392519,7.9530177
3.2767053,35.425533
-35.699604,-35.601124
15.389926,14.582554
30.828003,-26.089264
-9.993202,-37.046223
-31.826082,-40.02226
-5.651533,31.167713
13.12338,28.765444
-26.862173,-36.039402
36.972797,45.954754
25.615652,-22.897331
15.194496,-28.70921
12.789823,7.003487
-11.288938,22.24682
35.190674,15.335663
25.28686,-11.118483
1.3820144,13.711655
-47.347965,-20.606733
-0.7392158,-42.378857
-48.478256,-19.124931
39.80151,9.269403
-28.760782,-38.681786
0.7990208,-12.018795
11.13982,25.151136
11.54845,-46.746044
-38.816196,38.691307
-9.8391075,24.123165
29.989672,-10.651059
-14.451187,32.21642
-28.060217,-36.159157
-42.137264,33.310875
28.153368,-8.2402115
-17.285385,-47.033028
32.484154,45.182343
27.28973,17.00818
12.972344,7.754833
-4.3682966,-39.099854
-23.441221,-37.535027
37.606213,37.287724
-38.550503,-25.527708
-10.290299,3.3089433
39.9508,10.656487
-24.021442,-41.779297
11.31092,25.836006
-2.8727336,-41.006973
2.089454,35.22666
26.811312,-1.3791873
-44.09159,-17.905039
-10.3801155,24.79988
34.993767,-0.124146074
-13.56304,-42.194347
32.966156,18.41396
-46.254776,-12.141873
5.9601274,-17.430744
-49.961803,19.004185
8.634774,-48.888054
-4.193916,-39.869816
4.9045515,-48.050877
-41.628315,35.89416
-32.252556,45.688843
2.501179,21.093624
-13.193775,23.402994
-44.94063,-19.86543
4.400318,17.815954
22.935843,-34.62206
-45.535847,27.241896
-40.696938,-14.634936
-12.781496,32.061005
-0.9009768,-43.489044
9.899051,-47.23644
-10.094816,-3.7274778
34.131165,-22.246466
-9.002787,23.620443
40.800133,14.591038
12.124374,-45.69489
-31.408337,-36.00528
26.702837,43.769596
-37.6019,-28.78041
-5.642997,9.994391
35.750614,-2.818943
-10.260957,-37.941227
-40.832157,33.311775
8.255493,21.437796
1.5418816,35.46069
36.357037,47.89197
-9.147978,-8.759369
-36.14331,38.522514
-12.93835,-42.46044
-52.094536,7.636653
29.064371,8.048476
-29.384432,-40.767773
7.5828753,20.129623
12.176191,-33.646004
-34.299812,-31.91632
12.787835,0.4767913
-47.561764,-8.712034
11.994083,27.582058
-8.651959,-39.148323
32.27924,-9.311805
19.585684,-12.052841
19.9348,33.795082
35.032146,45.825905
-50.99796,11.065633
-6.43897,25.892534
41.59868,3.6078856
27.351933,-9.618174
-11.735779,30.618166
21.30224,35.20025
28.841291,5.908427
-19.645882,-44.58136
23.762506,-34.108395
37.210648,16.782259
24.02793,38.57346
-1.3690346,-44.07821
-46.054222,27.151426
7.7646656,-50.63008
30.693274,8.463974
29.482193,7.069941
42.66463,1.9032577
10.423988,-40.99722
-4.9033184,28.156462
-20.6017,-44.047882
32.80879,-7.2118697
14.2724695,-44.351803
12.841092,-35.584023
14.265724,-45.45479
-3.7423317,-47.50625
-12.394754,21.815397
41.190804,9.952389
-10.488535,24.939707
12.919718,-29.405512
24.560421,35.057117
11.9949875,8.528458
-34.11993,-32.236
-12.366157,22.858831
-49.961494,0.74394333
-45.966923,-19.107111
24.962032,6.801553
11.679273,-40.663246
18.32844,-30.74066
-14.0244,-40.212177
-6.716722,-0.78996986
-53.374187,2.7899125
-40.335693,-11.43573
-15.278987,-44.03339
24.633568,-1.0769004
4.852827,-7.9456844
-6.0974216,-24.090527
-11.236914,32.146976
11.229488,26.505886
-13.125523,-38.242214
-51.06113,-9.672458
5.7578998,-16.250523
-48.76013,-4.7999983
26.960781,-0.31597322
-37.025063,39.87297
-20.28486,-37.85257
26.283268,-30.61757
33.523453,20.017748
12.287177,-1.2913762
6.4313407,-14.787395
-6.401606,33.38673
-9.871752,-4.136497
-50.61406,14.40489
-49.375767,21.12593
-45.45434,24.927948
-37.89337,39.924755
-53.328735,5.8351893
17.533804,3.3777072
-49.392788,-11.004559
27.340166,-19.682219
-8.154896,3.405471
-26.986576,-41.86699
29.043581,4.662097
-27.508947,-36.33024
29.18071,44.841354
-8.096787,2.00402
8.7836685,-34.164204
7.236819,30.974537
16.190248,29.453037
-24.796486,-36.483658
10.583127,25.510862
29.886986,-23.683609
33.636234,19.243504
-4.2774663,-23.25552
-13.489057,31.340958
-10.095714,-46.361702
-52.17377,-9.261731
-10.274671,-44.585087
-6.141638,28.010553
34.31541,44.639824
10.432811,-0.012782062
8.81578,23.71475
-1.6453074,12.393964
17.225733,5.1267543
-28.371403,49.6855
-11.2568245,-48.473343
25.128418,35.543808
-8.429061,2.3068871
34.98339,-24.267506
32.027603,21.71668
-4.3716564,-25.299356
-35.085934,-27.368942
-5.618003,9.150897
34.28066,38.18777
2.145508,-21.098642
31.309603,44.53278
-44.269665,-24.995934
14.553938,-29.864887
-34.51775,43.853416
-37.319374,-26.11709
-3.4022899,-21.87525
20.325773,37.598095
-6.468768,22.46199
-7.3172507,32.771095
25.890352,-3.5009875
-1.3023136,33.005028
-36.386414,-36.51374
35.467922,-5.64904
14.872755,17.340727
-43.4816,-23.363565
23.080671,38.049744
-9.675142,-3.5826225
29.766264,-23.324902
7.27546,19.349798
27.350323,29.938433
-48.512142,22.596268
30.852587,21.449846
26.331738,27.969988
-4.7295694,-11.936285
18.86438,18.388145
-52.036266,-7.696586
29.652227,-25.403566
5.7147994,-18.563095
-52.787846,-8.484786
-9.529911,-1.367292
-37.097546,42.054344
26.171879,-21.380726
11.391547,0.5028992
-41.658726,-23.424658
-2.1963944,-46.62315
-54.41656,-4.829199
0.32262796,-13.089587
13.012866,-1.3666639
-52.08575,5.4371204
-45.5842,26.168755
9.00384,22.374279
10.426879,-30.018805
11.766829,-37.333332
-7.5788527,-9.980254
-14.364581,-46.24756
-4.18751,8.299992
40.35297,8.977232
-14.886603,31.79256
-34.97008,41.998512
25.616728,-35.419254
23.977968,34.47816
-34.924156,43.2591
27.999554,0.92433214
5.462548,34.180756
-28.418161,-38.111065
-2.9763799,-48.163326
34.274265,-20.63263
29.895721,-6.467599
5.5684333,15.838223
28.573275,41.52989
-12.621704,31.416658
-29.070984,50.266994
43.91166,3.474965
-51.318497,-8.696786
-6.508049,-22.135159
-1.2192934,-20.752539
16.295212,-34.18437
-9.892025,-4.530467
2.5214882,19.490562
-6.312738,-47.9466
-41.369873,-29.458693
-49.97415,-16.858282
9.219774,-47.0243
-11.5152855,22.599586
11.385352,-36.81841
-20.345036,-38.133053
27.367033,37.170162
-40.02616,-29.970095
13.3663845,-45.998463
-49.229694,18.702297
27.137291,0.44590163
-6.7380896,3.5220168
-30.854837,47.504467
-43.28893,-25.386524
13.267215,25.903757
-24.348444,-44.0488
19.671364,37.259846
-42.88573,35.551434
-43.804028,-24.568455
31.539616,-8.242766
20.503279,34.586536
27.33924,19.133524
-16.631971,32.206654
27.06052,1.3753914
2.289886,16.413897
-38.96778,-31.566868
-9.285756,-6.549086
-33.346996,44.93558
-46.799038,-19.113821
-6.2151246,6.4683104
-1.3431902,13.510146
-34.938587,-33.717007
18.283371,18.207653
36.460587,1.724442
-51.249043,-3.325628
38.687553,-24.827442
-7.388135,1.9535794
12.696636,30.313961
28.320978,8.1415615
-41.402153,34.47018
-42.269997,36.093777
-48.49549,-5.680548
-3.729027,20.96874
-30.627516,46.819424
2.9597259,-15.567555
-50.111324,19.646074
26.274498,-32.694366
11.379649,24.807484
-50.612656,8.23288
26.619581,-20.545424
7.3199306,31.106312
25.652374,-31.74957
-9.13637,-47.96902
-10.52298,0.11256899
2.3360062,-47.0744
-49.560722,18.844873
6.1687174,-11.253889
-42.58886,33.14029
-3.677147,-44.692474
29.231474,23.822865
26.9028,7.0845656
-29.235905,48.424232
27.766336,-3.4111657
-36.355473,-26.511497
