62.0,174711.0,9.0,0.0,32.0,1.0
21.0,155066.0,10.0,0.0,40.0,0.0
44.0,202872.0,10.0,0.0,25.0,1.0
56.0,188856.0,13.0,8614.0,55.0,1.0
40.0,275446.0,9.0,0.0,40.0,0.0
43.0,396116.0,9.0,0.0,40.0,0.0
52.0,117674.0,10.0,0.0,40.0,0.0
56.0,131608.0,9.0,0.0,10.0,0.0
26.0,55929.0,14.0,0.0,48.0,1.0
52.0,31838.0,9.0,0.0,40.0,1.0
40.0,205987.0,15.0,0.0,40.0,1.0
29.0,87507.0,16.0,0.0,60.0,0.0
20.0,410446.0,9.0,0.0,20.0,0.0
42.0,69019.0,10.0,0.0,40.0,0.0
68.0,232151.0,10.0,2346.0,40.0,1.0
33.0,400943.0,14.0,0.0,50.0,0.0
19.0,45381.0,10.0,0.0,8.0,1.0
43.0,152629.0,9.0,0.0,40.0,0.0
57.0,112840.0,14.0,0.0,55.0,0.0
62.0,116104.0,9.0,0.0,20.0,1.0
18.0,40822.0,7.0,0.0,15.0,0.0
22.0,210802.0,10.0,0.0,35.0,1.0
67.0,222899.0,11.0,0.0,40.0,1.0
21.0,184543.0,9.0,0.0,40.0,1.0
21.0,230397.0,10.0,0.0,5.0,1.0
28.0,190067.0,13.0,0.0,40.0,1.0
63.0,33487.0,4.0,0.0,40.0,0.0
44.0,107845.0,12.0,0.0,56.0,1.0
28.0,179512.0,9.0,0.0,50.0,1.0
49.0,199590.0,9.0,0.0,50.0,0.0
19.0,240468.0,10.0,0.0,40.0,1.0
24.0,382146.0,10.0,0.0,40.0,0.0
33.0,340332.0,13.0,0.0,45.0,1.0
44.0,63042.0,13.0,0.0,50.0,1.0
18.0,55658.0,6.0,0.0,25.0,0.0
34.0,187215.0,13.0,15024.0,36.0,1.0
38.0,65706.0,10.0,0.0,38.0,1.0
33.0,130057.0,12.0,0.0,45.0,0.0
37.0,140713.0,10.0,0.0,40.0,0.0
36.0,103110.0,16.0,0.0,40.0,0.0
41.0,122215.0,14.0,15024.0,40.0,0.0
30.0,48458.0,10.0,0.0,40.0,1.0
44.0,469454.0,11.0,7298.0,48.0,0.0
19.0,99246.0,7.0,0.0,25.0,1.0
48.0,232840.0,10.0,0.0,43.0,1.0
38.0,130813.0,9.0,0.0,40.0,1.0
32.0,205528.0,9.0,0.0,40.0,1.0
49.0,252079.0,10.0,0.0,40.0,0.0
19.0,171306.0,9.0,0.0,3.0,0.0
39.0,472166.0,10.0,0.0,40.0,1.0
50.0,32372.0,9.0,0.0,30.0,0.0
57.0,138892.0,7.0,0.0,15.0,0.0
23.0,184699.0,9.0,0.0,40.0,1.0
54.0,104748.0,6.0,0.0,65.0,0.0
38.0,462832.0,10.0,0.0,40.0,1.0
42.0,97688.0,10.0,5178.0,40.0,0.0
53.0,225339.0,10.0,0.0,40.0,1.0
24.0,161092.0,10.0,7298.0,40.0,0.0
35.0,168817.0,9.0,0.0,40.0,0.0
24.0,122348.0,13.0,0.0,40.0,1.0
34.0,164748.0,9.0,0.0,40.0,0.0
23.0,250630.0,13.0,0.0,40.0,1.0
22.0,181313.0,11.0,0.0,30.0,1.0
23.0,91733.0,13.0,3325.0,40.0,1.0
20.0,47678.0,9.0,0.0,40.0,0.0
74.0,204840.0,3.0,0.0,56.0,0.0
29.0,214925.0,14.0,0.0,60.0,0.0
26.0,179010.0,10.0,0.0,65.0,0.0
36.0,179358.0,9.0,0.0,30.0,1.0
36.0,36270.0,9.0,0.0,60.0,0.0
53.0,129525.0,13.0,0.0,50.0,0.0
30.0,207172.0,13.0,0.0,40.0,1.0
21.0,362589.0,13.0,0.0,20.0,1.0
27.0,210498.0,10.0,0.0,80.0,0.0
23.0,175424.0,10.0,0.0,40.0,1.0
32.0,240888.0,12.0,0.0,40.0,1.0
41.0,185132.0,13.0,0.0,45.0,1.0
30.0,226013.0,13.0,0.0,40.0,0.0
19.0,175507.0,9.0,0.0,30.0,1.0
59.0,178353.0,9.0,0.0,50.0,0.0
30.0,58582.0,13.0,0.0,10.0,0.0
20.0,246250.0,10.0,0.0,40.0,1.0
38.0,243484.0,13.0,0.0,28.0,1.0
42.0,65372.0,10.0,0.0,40.0,1.0
53.0,188772.0,9.0,0.0,30.0,1.0
47.0,145886.0,10.0,0.0,40.0,1.0
75.0,36325.0,9.0,0.0,30.0,0.0
65.0,146454.0,14.0,0.0,4.0,0.0
34.0,261023.0,10.0,0.0,38.0,0.0
18.0,255282.0,7.0,0.0,48.0,0.0
27.0,187981.0,9.0,0.0,40.0,0.0
19.0,418176.0,9.0,0.0,32.0,0.0
30.0,169104.0,12.0,0.0,40.0,0.0
60.0,320376.0,4.0,0.0,40.0,1.0
54.0,31588.0,9.0,2635.0,40.0,0.0
23.0,214542.0,10.0,0.0,50.0,0.0
56.0,91545.0,6.0,0.0,36.0,1.0
49.0,93639.0,13.0,0.0,43.0,1.0
57.0,61885.0,9.0,0.0,60.0,0.0
41.0,171615.0,10.0,0.0,48.0,0.0
36.0,152744.0,13.0,0.0,40.0,1.0
45.0,75673.0,11.0,0.0,40.0,1.0
41.0,143129.0,13.0,0.0,40.0,1.0
47.0,120429.0,16.0,15024.0,50.0,0.0
43.0,33521.0,13.0,0.0,70.0,0.0
31.0,207201.0,10.0,0.0,40.0,0.0
63.0,68954.0,9.0,0.0,11.0,1.0
28.0,119793.0,9.0,0.0,40.0,0.0
22.0,117779.0,13.0,0.0,40.0,0.0
41.0,82393.0,10.0,0.0,40.0,0.0
50.0,37913.0,13.0,0.0,40.0,0.0
42.0,166813.0,10.0,0.0,60.0,0.0
31.0,176360.0,9.0,0.0,40.0,0.0
46.0,214955.0,3.0,0.0,45.0,1.0
32.0,200700.0,10.0,0.0,50.0,0.0
61.0,190682.0,9.0,0.0,50.0,1.0
49.0,34446.0,10.0,0.0,40.0,0.0
48.0,65535.0,9.0,0.0,50.0,0.0
38.0,203763.0,9.0,0.0,40.0,1.0
32.0,326283.0,13.0,0.0,40.0,0.0
45.0,120131.0,4.0,0.0,52.0,0.0
43.0,208277.0,14.0,0.0,45.0,1.0
19.0,115248.0,10.0,0.0,40.0,0.0
70.0,216390.0,5.0,2653.0,40.0,1.0
36.0,382635.0,13.0,0.0,35.0,1.0
43.0,152569.0,11.0,0.0,36.0,1.0
40.0,123557.0,10.0,0.0,40.0,0.0
48.0,97883.0,9.0,0.0,25.0,1.0
26.0,122999.0,14.0,8614.0,40.0,0.0
49.0,240859.0,7.0,0.0,40.0,0.0
44.0,126199.0,10.0,1831.0,50.0,0.0
24.0,35448.0,9.0,0.0,50.0,1.0
29.0,180916.0,10.0,0.0,38.0,1.0
61.0,223133.0,9.0,0.0,40.0,1.0
79.0,266119.0,13.0,0.0,40.0,0.0
59.0,194290.0,9.0,0.0,48.0,0.0
59.0,139344.0,10.0,0.0,40.0,1.0
31.0,402089.0,9.0,0.0,40.0,1.0
67.0,105252.0,13.0,0.0,40.0,0.0
20.0,181761.0,9.0,0.0,40.0,1.0
37.0,198841.0,11.0,0.0,40.0,0.0
41.0,153031.0,10.0,0.0,65.0,0.0
21.0,232569.0,9.0,0.0,40.0,0.0
32.0,188246.0,9.0,0.0,62.0,0.0
43.0,214781.0,14.0,0.0,45.0,0.0
32.0,236770.0,10.0,0.0,50.0,0.0
26.0,227332.0,13.0,0.0,40.0,0.0
32.0,213750.0,11.0,0.0,45.0,0.0
55.0,216941.0,9.0,2885.0,40.0,1.0
29.0,277342.0,10.0,0.0,40.0,0.0
19.0,264390.0,10.0,0.0,40.0,1.0
29.0,67053.0,9.0,0.0,40.0,0.0
66.0,298834.0,11.0,0.0,50.0,0.0
28.0,268726.0,9.0,0.0,46.0,0.0
27.0,161155.0,9.0,0.0,40.0,0.0
63.0,196725.0,9.0,0.0,24.0,1.0
28.0,335015.0,9.0,0.0,40.0,0.0
35.0,148903.0,9.0,0.0,40.0,1.0
35.0,192251.0,9.0,0.0,40.0,1.0
24.0,284317.0,13.0,0.0,32.0,1.0
38.0,115433.0,12.0,7688.0,33.0,1.0
35.0,216035.0,9.0,0.0,40.0,0.0
43.0,150533.0,12.0,0.0,50.0,0.0
24.0,86745.0,13.0,0.0,16.0,1.0
65.0,461715.0,9.0,0.0,25.0,1.0
28.0,96337.0,10.0,0.0,40.0,1.0
32.0,159442.0,15.0,13550.0,50.0,1.0
38.0,334366.0,10.0,0.0,15.0,1.0
51.0,162632.0,9.0,7298.0,60.0,0.0
28.0,209205.0,10.0,7298.0,40.0,0.0
79.0,142171.0,4.0,1409.0,35.0,0.0
36.0,312785.0,13.0,0.0,35.0,0.0
22.0,206974.0,13.0,0.0,40.0,1.0
40.0,132222.0,9.0,0.0,40.0,0.0
42.0,385591.0,9.0,0.0,50.0,0.0
46.0,140121.0,9.0,0.0,50.0,0.0
68.0,76371.0,9.0,0.0,45.0,0.0
23.0,199915.0,13.0,0.0,35.0,1.0
48.0,107682.0,9.0,0.0,10.0,1.0
53.0,355802.0,10.0,0.0,30.0,1.0
22.0,99829.0,10.0,0.0,30.0,1.0
55.0,290124.0,3.0,0.0,40.0,0.0
41.0,176716.0,9.0,0.0,60.0,0.0
18.0,761006.0,7.0,0.0,20.0,1.0
59.0,138370.0,6.0,0.0,40.0,0.0
26.0,130620.0,12.0,0.0,40.0,1.0
28.0,211032.0,10.0,0.0,40.0,0.0
40.0,101272.0,9.0,0.0,32.0,1.0
48.0,107373.0,6.0,0.0,40.0,0.0
17.0,104025.0,7.0,0.0,18.0,0.0
19.0,475028.0,9.0,0.0,20.0,1.0
38.0,172538.0,13.0,0.0,40.0,0.0
59.0,119344.0,6.0,0.0,36.0,1.0
25.0,469697.0,10.0,0.0,40.0,0.0
25.0,264012.0,13.0,0.0,45.0,0.0
28.0,104024.0,10.0,0.0,40.0,1.0
54.0,212165.0,9.0,0.0,60.0,0.0
48.0,63466.0,9.0,0.0,32.0,1.0
23.0,122272.0,13.0,0.0,30.0,1.0
50.0,174964.0,6.0,0.0,99.0,0.0
65.0,207281.0,10.0,0.0,16.0,0.0
22.0,156822.0,6.0,0.0,25.0,1.0
26.0,96467.0,13.0,0.0,40.0,1.0
22.0,244366.0,13.0,0.0,40.0,0.0
55.0,193895.0,9.0,0.0,40.0,1.0
36.0,109133.0,10.0,0.0,40.0,0.0
47.0,120939.0,10.0,0.0,45.0,0.0
21.0,206492.0,9.0,0.0,40.0,1.0
48.0,202117.0,7.0,0.0,34.0,1.0
18.0,133055.0,9.0,0.0,30.0,1.0
22.0,113062.0,13.0,0.0,40.0,1.0
27.0,160178.0,10.0,0.0,38.0,1.0
22.0,283499.0,9.0,0.0,35.0,0.0
19.0,365640.0,9.0,0.0,45.0,1.0
22.0,205970.0,6.0,0.0,35.0,1.0
34.0,204470.0,14.0,0.0,50.0,0.0
38.0,63509.0,9.0,0.0,40.0,0.0
30.0,319280.0,10.0,0.0,40.0,0.0
41.0,183105.0,9.0,0.0,44.0,1.0
26.0,73312.0,7.0,0.0,15.0,1.0
33.0,355856.0,12.0,0.0,60.0,0.0
68.0,159191.0,10.0,0.0,40.0,1.0
61.0,60641.0,13.0,0.0,45.0,1.0
61.0,158712.0,9.0,0.0,99.0,1.0
37.0,249720.0,13.0,0.0,27.0,1.0
46.0,309212.0,9.0,0.0,25.0,1.0
56.0,235197.0,9.0,0.0,38.0,1.0
17.0,198606.0,7.0,0.0,16.0,1.0
44.0,76196.0,13.0,0.0,50.0,0.0
48.0,181758.0,16.0,0.0,60.0,1.0
25.0,51201.0,9.0,0.0,35.0,0.0
31.0,118966.0,9.0,0.0,18.0,0.0
48.0,26490.0,13.0,0.0,20.0,1.0
25.0,236977.0,9.0,0.0,40.0,0.0
38.0,412296.0,9.0,0.0,28.0,0.0
35.0,63021.0,10.0,0.0,35.0,1.0
21.0,209955.0,9.0,0.0,48.0,0.0
40.0,548664.0,9.0,0.0,15.0,0.0
40.0,374367.0,11.0,0.0,44.0,0.0
35.0,144322.0,12.0,0.0,50.0,1.0
59.0,176317.0,6.0,0.0,37.0,1.0
27.0,161155.0,6.0,0.0,40.0,0.0
28.0,157624.0,13.0,0.0,40.0,1.0
19.0,410543.0,9.0,0.0,40.0,1.0
47.0,160474.0,9.0,0.0,30.0,1.0
23.0,197613.0,10.0,0.0,40.0,1.0
47.0,207140.0,9.0,0.0,38.0,1.0
47.0,365516.0,14.0,0.0,40.0,1.0
17.0,142912.0,6.0,0.0,40.0,0.0
45.0,319637.0,9.0,0.0,40.0,1.0
19.0,126501.0,7.0,0.0,15.0,1.0
19.0,252752.0,9.0,0.0,35.0,0.0
17.0,187539.0,7.0,0.0,10.0,1.0
42.0,169628.0,10.0,0.0,38.0,1.0
23.0,53513.0,13.0,0.0,45.0,1.0
32.0,166634.0,9.0,0.0,40.0,0.0
22.0,99199.0,9.0,0.0,48.0,0.0
50.0,50178.0,10.0,4064.0,55.0,0.0
39.0,71701.0,9.0,0.0,40.0,1.0
37.0,434097.0,12.0,0.0,40.0,0.0
37.0,59313.0,10.0,0.0,40.0,0.0
45.0,84324.0,12.0,0.0,50.0,0.0
18.0,362302.0,8.0,0.0,15.0,0.0
46.0,125892.0,14.0,0.0,50.0,0.0
18.0,128538.0,9.0,0.0,20.0,1.0
28.0,114158.0,10.0,0.0,26.0,1.0
40.0,151294.0,9.0,0.0,48.0,1.0
34.0,174789.0,13.0,0.0,40.0,0.0
46.0,207301.0,9.0,0.0,37.0,1.0
53.0,251063.0,10.0,0.0,40.0,1.0
27.0,51025.0,9.0,0.0,40.0,1.0
52.0,115209.0,15.0,0.0,40.0,1.0
31.0,229636.0,10.0,0.0,45.0,0.0
54.0,196975.0,9.0,0.0,45.0,0.0
51.0,185283.0,10.0,0.0,45.0,0.0
62.0,155256.0,9.0,0.0,45.0,0.0
20.0,344278.0,7.0,0.0,40.0,1.0
22.0,174975.0,11.0,0.0,36.0,1.0
51.0,70767.0,9.0,0.0,40.0,1.0
28.0,377095.0,13.0,0.0,40.0,1.0
30.0,140790.0,9.0,0.0,45.0,0.0
31.0,31740.0,11.0,0.0,55.0,0.0
21.0,216181.0,10.0,0.0,35.0,0.0
20.0,184678.0,9.0,0.0,32.0,1.0
24.0,216867.0,6.0,0.0,30.0,0.0
41.0,184466.0,7.0,0.0,55.0,0.0
45.0,261278.0,13.0,5178.0,40.0,1.0
52.0,158993.0,9.0,0.0,38.0,1.0
27.0,136448.0,13.0,0.0,40.0,1.0
60.0,224644.0,6.0,0.0,40.0,0.0
42.0,137698.0,3.0,0.0,35.0,0.0
41.0,101593.0,14.0,15024.0,50.0,0.0
40.0,119101.0,10.0,5178.0,40.0,0.0
21.0,184543.0,11.0,0.0,40.0,1.0
46.0,163021.0,9.0,0.0,40.0,1.0
41.0,116493.0,9.0,13550.0,44.0,0.0
63.0,137940.0,15.0,15024.0,50.0,0.0
37.0,103474.0,9.0,0.0,40.0,1.0
30.0,255279.0,9.0,0.0,20.0,1.0
24.0,237928.0,13.0,0.0,39.0,0.0
36.0,265881.0,9.0,0.0,40.0,1.0
32.0,107793.0,9.0,2174.0,40.0,0.0
58.0,105060.0,10.0,0.0,37.0,1.0
34.0,242960.0,11.0,0.0,50.0,0.0
35.0,189916.0,13.0,0.0,30.0,1.0
36.0,113397.0,9.0,0.0,40.0,0.0
22.0,211129.0,11.0,0.0,10.0,1.0
43.0,159549.0,9.0,0.0,40.0,0.0
43.0,153132.0,14.0,15024.0,40.0,0.0
28.0,211032.0,7.0,0.0,40.0,0.0
50.0,95577.0,9.0,0.0,12.0,1.0
40.0,145160.0,10.0,0.0,43.0,0.0
50.0,72351.0,13.0,0.0,45.0,0.0
21.0,147655.0,9.0,0.0,40.0,1.0
24.0,37440.0,13.0,0.0,50.0,0.0
48.0,248164.0,13.0,4386.0,50.0,0.0
37.0,290609.0,9.0,0.0,40.0,1.0
40.0,128700.0,10.0,0.0,40.0,1.0
45.0,205100.0,13.0,15024.0,60.0,0.0
25.0,178037.0,9.0,0.0,40.0,0.0
19.0,162954.0,8.0,0.0,20.0,1.0
61.0,163393.0,9.0,0.0,20.0,0.0
42.0,121718.0,10.0,0.0,40.0,0.0
27.0,205145.0,9.0,0.0,40.0,0.0
27.0,109997.0,9.0,0.0,40.0,1.0
63.0,145212.0,9.0,0.0,40.0,1.0
22.0,210781.0,13.0,0.0,35.0,1.0
56.0,233312.0,14.0,0.0,50.0,0.0
31.0,153005.0,13.0,0.0,40.0,0.0
56.0,94156.0,15.0,0.0,50.0,0.0
25.0,66622.0,10.0,0.0,25.0,1.0
28.0,64940.0,10.0,0.0,30.0,1.0
33.0,213308.0,11.0,0.0,50.0,1.0
33.0,111994.0,10.0,0.0,45.0,1.0
26.0,360252.0,12.0,0.0,40.0,1.0
42.0,53727.0,9.0,0.0,40.0,0.0
31.0,74501.0,9.0,0.0,30.0,1.0
32.0,73498.0,4.0,0.0,40.0,1.0
45.0,175262.0,5.0,0.0,40.0,0.0
19.0,60412.0,10.0,0.0,15.0,1.0
44.0,136986.0,10.0,0.0,60.0,0.0
22.0,192017.0,9.0,0.0,40.0,0.0
38.0,188503.0,10.0,6497.0,35.0,1.0
23.0,151910.0,13.0,0.0,40.0,1.0
65.0,173674.0,9.0,0.0,14.0,1.0
50.0,198400.0,9.0,0.0,60.0,0.0
37.0,355856.0,13.0,0.0,40.0,0.0
23.0,50953.0,10.0,0.0,40.0,1.0
24.0,241367.0,10.0,0.0,40.0,0.0
55.0,118993.0,10.0,0.0,10.0,1.0
55.0,157079.0,10.0,0.0,40.0,0.0
24.0,163480.0,14.0,0.0,40.0,1.0
30.0,80625.0,13.0,0.0,40.0,0.0
52.0,152234.0,9.0,99999.0,40.0,0.0
26.0,205109.0,14.0,0.0,40.0,1.0
43.0,152420.0,10.0,0.0,50.0,0.0
18.0,165532.0,10.0,0.0,15.0,0.0
51.0,98642.0,9.0,14084.0,40.0,0.0
27.0,139209.0,9.0,0.0,40.0,1.0
37.0,179671.0,9.0,0.0,40.0,0.0
46.0,155659.0,10.0,15024.0,45.0,0.0
20.0,147171.0,10.0,0.0,40.0,1.0
48.0,176917.0,9.0,0.0,55.0,0.0
30.0,123397.0,10.0,0.0,30.0,1.0
32.0,213389.0,10.0,0.0,38.0,1.0
39.0,77005.0,14.0,99999.0,40.0,0.0
53.0,142717.0,13.0,0.0,40.0,1.0
17.0,231438.0,7.0,0.0,12.0,1.0
35.0,98986.0,4.0,0.0,30.0,1.0
69.0,171050.0,9.0,0.0,9.0,1.0
38.0,181716.0,8.0,0.0,48.0,0.0
45.0,317360.0,13.0,0.0,50.0,1.0
53.0,394474.0,12.0,0.0,40.0,1.0
36.0,108293.0,9.0,0.0,24.0,1.0
37.0,227128.0,3.0,0.0,40.0,0.0
30.0,270577.0,9.0,0.0,40.0,1.0
25.0,101684.0,6.0,0.0,40.0,0.0
29.0,663394.0,9.0,0.0,40.0,0.0
37.0,138940.0,7.0,0.0,37.0,0.0
42.0,125461.0,13.0,0.0,40.0,0.0
57.0,165695.0,13.0,0.0,40.0,0.0
29.0,207473.0,4.0,0.0,40.0,0.0
32.0,223267.0,14.0,0.0,48.0,0.0
21.0,105577.0,10.0,0.0,30.0,1.0
56.0,76142.0,9.0,0.0,40.0,1.0
19.0,127190.0,9.0,0.0,15.0,1.0
79.0,183686.0,13.0,0.0,20.0,0.0
18.0,78181.0,9.0,0.0,20.0,1.0
40.0,404573.0,10.0,0.0,44.0,1.0
60.0,187458.0,4.0,0.0,40.0,0.0
19.0,128453.0,9.0,0.0,28.0,1.0
44.0,156687.0,9.0,0.0,42.0,0.0
38.0,31069.0,11.0,4386.0,40.0,0.0
21.0,233923.0,10.0,0.0,24.0,1.0
35.0,76845.0,5.0,0.0,40.0,0.0
39.0,237943.0,13.0,0.0,30.0,0.0
43.0,112763.0,9.0,8614.0,43.0,1.0
29.0,115305.0,11.0,7688.0,40.0,0.0
46.0,195023.0,10.0,0.0,40.0,1.0
50.0,92968.0,13.0,0.0,32.0,1.0
28.0,90915.0,13.0,0.0,40.0,1.0
20.0,197207.0,9.0,0.0,30.0,1.0
41.0,169628.0,9.0,0.0,40.0,1.0
51.0,221532.0,13.0,0.0,40.0,0.0
40.0,209833.0,9.0,0.0,40.0,0.0
29.0,319149.0,8.0,0.0,40.0,0.0
36.0,68273.0,13.0,0.0,40.0,0.0
18.0,216284.0,7.0,0.0,20.0,1.0
36.0,177285.0,11.0,0.0,38.0,1.0
43.0,33729.0,13.0,0.0,45.0,0.0
26.0,144483.0,11.0,594.0,35.0,1.0
47.0,23545.0,10.0,0.0,40.0,0.0
37.0,188503.0,13.0,0.0,35.0,1.0
23.0,117363.0,13.0,0.0,40.0,1.0
29.0,78529.0,6.0,0.0,12.0,1.0
35.0,111387.0,5.0,0.0,40.0,0.0
57.0,101338.0,13.0,0.0,20.0,0.0
62.0,35783.0,10.0,0.0,60.0,0.0
30.0,117747.0,9.0,0.0,35.0,1.0
38.0,204640.0,10.0,0.0,40.0,1.0
26.0,102420.0,13.0,0.0,40.0,1.0
38.0,107164.0,10.0,0.0,40.0,0.0
63.0,67903.0,5.0,0.0,40.0,0.0
43.0,104660.0,14.0,4934.0,40.0,0.0
33.0,131934.0,9.0,0.0,45.0,1.0
31.0,174201.0,9.0,0.0,65.0,0.0
20.0,39477.0,10.0,0.0,40.0,1.0
30.0,329425.0,10.0,0.0,48.0,0.0
55.0,141727.0,13.0,3464.0,40.0,1.0
46.0,192793.0,10.0,0.0,40.0,0.0
28.0,150025.0,5.0,0.0,50.0,0.0
17.0,317702.0,6.0,0.0,15.0,1.0
56.0,132026.0,13.0,7688.0,45.0,0.0
35.0,189404.0,10.0,0.0,40.0,0.0
47.0,219632.0,3.0,0.0,40.0,0.0
62.0,191118.0,10.0,7298.0,40.0,0.0
57.0,47619.0,12.0,0.0,40.0,1.0
59.0,114401.0,9.0,0.0,19.0,1.0
20.0,117789.0,10.0,0.0,40.0,1.0
37.0,243587.0,10.0,0.0,40.0,1.0
48.0,247685.0,10.0,3325.0,40.0,0.0
19.0,276973.0,10.0,0.0,20.0,1.0
33.0,143653.0,9.0,0.0,30.0,0.0
56.0,160829.0,9.0,0.0,46.0,1.0
26.0,182332.0,11.0,0.0,40.0,1.0
39.0,208109.0,9.0,0.0,60.0,0.0
33.0,67006.0,6.0,0.0,45.0,1.0
21.0,204596.0,10.0,0.0,20.0,1.0
19.0,62534.0,13.0,0.0,40.0,1.0
25.0,88922.0,9.0,0.0,40.0,0.0
52.0,134854.0,9.0,0.0,40.0,0.0
22.0,120518.0,9.0,0.0,40.0,1.0
57.0,222216.0,11.0,0.0,38.0,1.0
53.0,229465.0,14.0,0.0,55.0,0.0
49.0,349986.0,13.0,0.0,60.0,0.0
36.0,238415.0,9.0,0.0,40.0,0.0
44.0,167005.0,10.0,4386.0,55.0,0.0
37.0,160035.0,9.0,0.0,40.0,0.0
84.0,163685.0,9.0,0.0,33.0,1.0
46.0,102359.0,10.0,0.0,50.0,0.0
65.0,101104.0,9.0,9386.0,10.0,0.0
35.0,272476.0,12.0,0.0,35.0,1.0
34.0,20057.0,10.0,0.0,38.0,1.0
32.0,217460.0,5.0,0.0,50.0,0.0
47.0,198200.0,13.0,0.0,50.0,0.0
22.0,211013.0,10.0,0.0,40.0,1.0
38.0,165848.0,13.0,0.0,44.0,0.0
48.0,99096.0,10.0,0.0,38.0,1.0
34.0,355700.0,9.0,0.0,20.0,1.0
51.0,123429.0,12.0,0.0,30.0,0.0
48.0,97176.0,9.0,0.0,40.0,1.0
46.0,171199.0,13.0,0.0,40.0,1.0
30.0,381153.0,9.0,0.0,40.0,0.0
38.0,189679.0,13.0,0.0,50.0,0.0
34.0,157747.0,9.0,0.0,45.0,0.0
21.0,212661.0,6.0,0.0,39.0,1.0
25.0,189219.0,13.0,0.0,16.0,1.0
70.0,167358.0,5.0,1111.0,15.0,1.0
36.0,31438.0,9.0,0.0,43.0,0.0
43.0,427382.0,14.0,0.0,50.0,0.0
18.0,127273.0,7.0,0.0,20.0,0.0
55.0,189719.0,13.0,0.0,45.0,0.0
25.0,209230.0,9.0,0.0,6.0,1.0
48.0,121253.0,13.0,0.0,70.0,1.0
32.0,134886.0,9.0,0.0,2.0,1.0
23.0,33423.0,10.0,0.0,30.0,1.0
57.0,161662.0,13.0,7688.0,60.0,0.0
44.0,187720.0,10.0,0.0,50.0,0.0
50.0,313321.0,12.0,0.0,40.0,1.0
53.0,287192.0,2.0,0.0,32.0,0.0
22.0,185279.0,9.0,0.0,16.0,0.0
41.0,36651.0,14.0,0.0,40.0,0.0
29.0,29732.0,13.0,0.0,24.0,1.0
27.0,131679.0,11.0,0.0,40.0,1.0
39.0,52645.0,10.0,0.0,40.0,1.0
45.0,221780.0,10.0,0.0,30.0,0.0
28.0,196971.0,13.0,0.0,43.0,1.0
42.0,91468.0,9.0,0.0,40.0,1.0
32.0,174215.0,10.0,0.0,40.0,1.0
54.0,71344.0,14.0,0.0,50.0,0.0
59.0,157303.0,10.0,0.0,48.0,1.0
27.0,151626.0,9.0,0.0,40.0,1.0
42.0,304302.0,9.0,0.0,40.0,0.0
18.0,71792.0,9.0,0.0,40.0,1.0
22.0,279901.0,9.0,0.0,40.0,0.0
40.0,269168.0,9.0,0.0,40.0,0.0
45.0,26502.0,13.0,0.0,72.0,0.0
49.0,31267.0,13.0,0.0,50.0,0.0
48.0,481987.0,6.0,0.0,40.0,0.0
39.0,139906.0,9.0,0.0,81.0,1.0
37.0,130277.0,3.0,0.0,40.0,1.0
35.0,187329.0,13.0,0.0,40.0,1.0
33.0,103596.0,11.0,0.0,40.0,0.0
41.0,355918.0,13.0,0.0,35.0,0.0
17.0,89821.0,7.0,0.0,10.0,0.0
35.0,300681.0,9.0,7298.0,35.0,0.0
28.0,119793.0,9.0,0.0,40.0,0.0
24.0,88676.0,9.0,0.0,35.0,0.0
53.0,175456.0,10.0,0.0,30.0,0.0
44.0,145522.0,14.0,0.0,40.0,1.0
40.0,130834.0,10.0,0.0,40.0,1.0
52.0,76131.0,10.0,0.0,40.0,1.0
42.0,143582.0,4.0,0.0,48.0,1.0
18.0,200876.0,7.0,0.0,16.0,0.0
24.0,197387.0,9.0,0.0,40.0,0.0
41.0,176452.0,9.0,0.0,40.0,0.0
64.0,201293.0,9.0,0.0,38.0,1.0
60.0,198170.0,10.0,0.0,40.0,0.0
37.0,385452.0,6.0,0.0,40.0,1.0
45.0,293691.0,9.0,0.0,40.0,1.0
42.0,107276.0,10.0,0.0,40.0,1.0
20.0,400443.0,9.0,0.0,20.0,1.0
54.0,28518.0,9.0,0.0,50.0,0.0
55.0,143030.0,9.0,0.0,40.0,1.0
26.0,233777.0,9.0,0.0,72.0,0.0
53.0,164300.0,13.0,0.0,38.0,1.0
21.0,117210.0,9.0,0.0,40.0,0.0
30.0,101266.0,9.0,0.0,40.0,0.0
24.0,174182.0,7.0,0.0,24.0,1.0
47.0,148884.0,9.0,0.0,60.0,0.0
35.0,204527.0,14.0,0.0,50.0,0.0
45.0,543922.0,14.0,14344.0,48.0,0.0
48.0,287480.0,14.0,0.0,40.0,0.0
28.0,109162.0,14.0,0.0,50.0,1.0
17.0,193199.0,7.0,0.0,12.0,1.0
27.0,229223.0,10.0,0.0,40.0,1.0
40.0,178866.0,9.0,0.0,20.0,1.0
26.0,152046.0,7.0,0.0,35.0,1.0
19.0,219867.0,9.0,0.0,35.0,1.0
36.0,213008.0,12.0,0.0,40.0,0.0
32.0,443546.0,9.0,0.0,45.0,0.0
43.0,114351.0,9.0,0.0,35.0,0.0
44.0,108438.0,6.0,0.0,40.0,1.0
37.0,107164.0,6.0,0.0,50.0,0.0
32.0,97306.0,13.0,0.0,48.0,1.0
17.0,99175.0,7.0,0.0,20.0,1.0
42.0,136986.0,9.0,0.0,35.0,0.0
27.0,163127.0,11.0,0.0,35.0,1.0
34.0,581071.0,9.0,0.0,48.0,0.0
60.0,230545.0,4.0,0.0,35.0,1.0
34.0,176185.0,13.0,0.0,40.0,0.0
34.0,123084.0,7.0,0.0,40.0,1.0
46.0,65353.0,10.0,3325.0,55.0,0.0
45.0,281565.0,9.0,0.0,50.0,1.0
30.0,131584.0,11.0,0.0,60.0,0.0
30.0,214063.0,10.0,0.0,72.0,0.0
20.0,333843.0,9.0,0.0,40.0,1.0
33.0,511517.0,9.0,0.0,40.0,0.0
27.0,133425.0,9.0,0.0,50.0,1.0
29.0,191935.0,9.0,0.0,40.0,0.0
41.0,168098.0,13.0,0.0,50.0,0.0
59.0,200700.0,12.0,0.0,40.0,0.0
67.0,171584.0,13.0,6514.0,7.0,0.0
21.0,54472.0,9.0,0.0,40.0,1.0
35.0,340428.0,13.0,0.0,40.0,1.0
58.0,247276.0,4.0,0.0,30.0,1.0
23.0,164574.0,12.0,0.0,40.0,0.0
60.0,101096.0,16.0,0.0,65.0,1.0
41.0,112763.0,9.0,0.0,40.0,1.0
51.0,320513.0,4.0,0.0,50.0,0.0
19.0,321817.0,7.0,0.0,40.0,1.0
19.0,264593.0,10.0,0.0,40.0,0.0
40.0,198692.0,10.0,5178.0,60.0,0.0
43.0,113324.0,9.0,0.0,40.0,0.0
41.0,252058.0,13.0,0.0,40.0,0.0
32.0,115745.0,10.0,0.0,40.0,0.0
37.0,213008.0,11.0,0.0,40.0,0.0
39.0,103260.0,13.0,0.0,30.0,1.0
42.0,170230.0,13.0,0.0,55.0,1.0
25.0,28520.0,9.0,0.0,40.0,1.0
38.0,405284.0,13.0,0.0,35.0,1.0
21.0,188535.0,10.0,0.0,40.0,0.0
40.0,111829.0,14.0,0.0,40.0,1.0
26.0,389856.0,9.0,0.0,40.0,0.0
45.0,87583.0,9.0,0.0,14.0,1.0
59.0,41258.0,13.0,0.0,50.0,0.0
19.0,138760.0,9.0,0.0,40.0,0.0
30.0,88913.0,10.0,0.0,40.0,1.0
39.0,70240.0,10.0,0.0,40.0,1.0
41.0,196001.0,9.0,0.0,20.0,1.0
45.0,178344.0,11.0,0.0,30.0,1.0
25.0,104439.0,10.0,0.0,50.0,1.0
33.0,198069.0,9.0,0.0,65.0,0.0
48.0,201177.0,13.0,0.0,40.0,0.0
41.0,142717.0,10.0,0.0,36.0,1.0
27.0,192236.0,13.0,0.0,45.0,0.0
42.0,156580.0,13.0,0.0,40.0,1.0
23.0,170070.0,8.0,0.0,38.0,1.0
26.0,34307.0,11.0,0.0,65.0,0.0
37.0,186191.0,9.0,0.0,46.0,0.0
19.0,220001.0,10.0,0.0,50.0,0.0
49.0,76482.0,9.0,0.0,40.0,0.0
26.0,270276.0,9.0,0.0,40.0,1.0
54.0,146551.0,9.0,0.0,54.0,0.0
40.0,261497.0,9.0,0.0,35.0,0.0
30.0,68330.0,10.0,0.0,50.0,0.0
36.0,203482.0,12.0,0.0,40.0,0.0
24.0,233419.0,9.0,0.0,40.0,1.0
36.0,321760.0,13.0,0.0,17.0,1.0
37.0,305597.0,9.0,0.0,40.0,0.0
45.0,98265.0,9.0,0.0,40.0,1.0
45.0,123681.0,9.0,0.0,40.0,0.0
23.0,208503.0,10.0,0.0,40.0,0.0
31.0,113364.0,9.0,0.0,60.0,0.0
59.0,120617.0,9.0,0.0,40.0,1.0
28.0,33363.0,9.0,0.0,70.0,0.0
70.0,221603.0,10.0,0.0,34.0,1.0
29.0,389713.0,11.0,0.0,40.0,0.0
39.0,97136.0,9.0,0.0,40.0,1.0
39.0,356838.0,9.0,0.0,12.0,0.0
35.0,197365.0,9.0,0.0,40.0,0.0
65.0,398001.0,9.0,0.0,20.0,1.0
19.0,112780.0,10.0,0.0,30.0,1.0
52.0,121942.0,4.0,0.0,40.0,0.0
49.0,277434.0,9.0,0.0,50.0,0.0
20.0,185554.0,10.0,0.0,25.0,1.0
36.0,135162.0,9.0,0.0,45.0,0.0
43.0,155106.0,13.0,0.0,53.0,0.0
43.0,361280.0,6.0,0.0,42.0,0.0
43.0,83827.0,9.0,0.0,24.0,1.0
27.0,238859.0,11.0,0.0,40.0,0.0
22.0,199011.0,9.0,0.0,20.0,0.0
54.0,163894.0,10.0,0.0,40.0,0.0
47.0,225065.0,3.0,0.0,40.0,1.0
41.0,41901.0,10.0,0.0,40.0,0.0
33.0,79440.0,14.0,0.0,30.0,0.0
45.0,180309.0,10.0,0.0,40.0,1.0
53.0,151159.0,6.0,0.0,99.0,0.0
58.0,54947.0,10.0,0.0,55.0,1.0
45.0,197418.0,10.0,0.0,48.0,1.0
40.0,145178.0,10.0,0.0,30.0,1.0
18.0,28648.0,7.0,0.0,40.0,1.0
44.0,179136.0,9.0,0.0,40.0,1.0
25.0,63996.0,9.0,0.0,40.0,1.0
36.0,347491.0,13.0,0.0,50.0,0.0
37.0,26898.0,9.0,0.0,12.0,1.0
42.0,20809.0,9.0,0.0,75.0,0.0
51.0,310774.0,15.0,0.0,50.0,0.0
73.0,123345.0,9.0,0.0,65.0,1.0
19.0,196119.0,9.0,0.0,35.0,1.0
18.0,379768.0,9.0,0.0,40.0,1.0
70.0,304570.0,13.0,0.0,32.0,0.0
33.0,70164.0,13.0,0.0,60.0,0.0
78.0,105586.0,3.0,0.0,36.0,0.0
63.0,154675.0,9.0,0.0,40.0,1.0
29.0,192010.0,13.0,0.0,60.0,1.0
41.0,277488.0,4.0,0.0,36.0,0.0
29.0,114870.0,10.0,0.0,40.0,0.0
46.0,285335.0,10.0,0.0,60.0,0.0
53.0,143822.0,14.0,0.0,36.0,0.0
31.0,217962.0,8.0,0.0,40.0,0.0
25.0,236242.0,15.0,0.0,30.0,1.0
58.0,51499.0,11.0,0.0,40.0,0.0
47.0,102628.0,10.0,0.0,40.0,0.0
37.0,255454.0,10.0,0.0,40.0,0.0
20.0,209131.0,10.0,0.0,40.0,0.0
43.0,253759.0,9.0,0.0,45.0,1.0
31.0,446512.0,10.0,0.0,40.0,1.0
46.0,268281.0,12.0,0.0,40.0,1.0
35.0,160910.0,10.0,0.0,50.0,0.0
30.0,156025.0,9.0,0.0,40.0,1.0
47.0,206947.0,12.0,0.0,67.0,1.0
23.0,147548.0,9.0,0.0,30.0,1.0
43.0,293305.0,13.0,0.0,40.0,0.0
28.0,96020.0,13.0,0.0,40.0,1.0
39.0,423605.0,8.0,0.0,40.0,0.0
55.0,26290.0,11.0,0.0,38.0,1.0
18.0,181755.0,9.0,0.0,30.0,0.0
43.0,115178.0,11.0,0.0,40.0,1.0
24.0,143766.0,10.0,0.0,55.0,0.0
28.0,44216.0,9.0,0.0,40.0,1.0
19.0,158343.0,10.0,0.0,40.0,1.0
29.0,370509.0,13.0,0.0,50.0,0.0
18.0,146378.0,10.0,0.0,40.0,1.0
17.0,173497.0,7.0,0.0,15.0,0.0
71.0,216608.0,11.0,0.0,40.0,1.0
52.0,49069.0,10.0,0.0,40.0,1.0
33.0,119409.0,9.0,0.0,40.0,1.0
31.0,53042.0,10.0,0.0,40.0,0.0
23.0,287988.0,10.0,0.0,20.0,0.0
58.0,417419.0,4.0,0.0,40.0,0.0
46.0,120121.0,13.0,0.0,50.0,0.0
49.0,123207.0,9.0,0.0,44.0,1.0
61.0,321117.0,9.0,0.0,40.0,0.0
44.0,154176.0,10.0,0.0,40.0,1.0
69.0,76968.0,5.0,0.0,25.0,0.0
18.0,104704.0,9.0,0.0,40.0,0.0
49.0,125421.0,9.0,0.0,40.0,1.0
43.0,91949.0,9.0,0.0,40.0,1.0
28.0,198813.0,9.0,0.0,40.0,1.0
18.0,301814.0,9.0,0.0,20.0,1.0
37.0,175130.0,9.0,0.0,45.0,1.0
55.0,157932.0,9.0,0.0,40.0,0.0
47.0,194698.0,9.0,0.0,50.0,0.0
49.0,149337.0,13.0,0.0,40.0,0.0
49.0,197418.0,9.0,0.0,20.0,1.0
25.0,132749.0,7.0,0.0,12.0,1.0
19.0,42750.0,10.0,0.0,55.0,0.0
38.0,277022.0,10.0,0.0,40.0,1.0
34.0,230420.0,13.0,0.0,40.0,0.0
18.0,30687.0,10.0,0.0,10.0,0.0
28.0,237466.0,10.0,0.0,30.0,1.0
31.0,323020.0,10.0,0.0,30.0,1.0
32.0,169240.0,9.0,0.0,38.0,1.0
32.0,323055.0,9.0,0.0,40.0,0.0
84.0,172907.0,10.0,0.0,35.0,0.0
33.0,351810.0,13.0,0.0,45.0,1.0
19.0,174732.0,10.0,0.0,25.0,0.0
23.0,50953.0,10.0,0.0,10.0,1.0
36.0,180752.0,13.0,0.0,40.0,1.0
45.0,154117.0,9.0,0.0,38.0,1.0
35.0,287658.0,10.0,0.0,40.0,0.0
52.0,94391.0,9.0,0.0,40.0,0.0
33.0,224141.0,9.0,0.0,40.0,0.0
45.0,164427.0,13.0,0.0,40.0,1.0
18.0,152004.0,7.0,0.0,20.0,0.0
72.0,195184.0,9.0,0.0,12.0,1.0
50.0,65408.0,9.0,0.0,50.0,0.0
25.0,218184.0,13.0,0.0,40.0,1.0
34.0,94235.0,13.0,0.0,40.0,0.0
24.0,155818.0,10.0,0.0,40.0,1.0
33.0,238381.0,10.0,8614.0,40.0,0.0
43.0,141858.0,7.0,0.0,40.0,0.0
24.0,211391.0,6.0,0.0,15.0,1.0
22.0,406978.0,13.0,0.0,40.0,1.0
46.0,358886.0,9.0,0.0,40.0,0.0
90.0,52386.0,13.0,0.0,40.0,0.0
37.0,269329.0,11.0,8614.0,45.0,1.0
31.0,168521.0,13.0,0.0,50.0,1.0
40.0,202872.0,14.0,0.0,40.0,1.0
40.0,243636.0,13.0,0.0,50.0,0.0
59.0,157932.0,9.0,0.0,40.0,0.0
19.0,138153.0,10.0,0.0,10.0,1.0
37.0,131827.0,9.0,0.0,40.0,0.0
27.0,200641.0,6.0,0.0,40.0,1.0
17.0,128617.0,6.0,0.0,26.0,0.0
34.0,220631.0,11.0,0.0,50.0,0.0
48.0,119471.0,11.0,0.0,56.0,0.0
39.0,194668.0,9.0,0.0,16.0,0.0
34.0,96245.0,9.0,0.0,40.0,0.0
34.0,101345.0,9.0,0.0,40.0,1.0
38.0,298841.0,9.0,0.0,40.0,1.0
32.0,56328.0,13.0,0.0,8.0,1.0
24.0,192201.0,10.0,0.0,20.0,1.0
57.0,140319.0,9.0,0.0,50.0,0.0
48.0,235108.0,9.0,0.0,40.0,0.0
21.0,314182.0,9.0,0.0,40.0,1.0
28.0,408473.0,8.0,0.0,40.0,0.0
27.0,200492.0,13.0,0.0,40.0,1.0
37.0,359001.0,11.0,15024.0,50.0,0.0
38.0,234901.0,10.0,0.0,40.0,0.0
44.0,134120.0,9.0,0.0,40.0,1.0
32.0,44677.0,13.0,0.0,40.0,0.0
41.0,107276.0,11.0,0.0,45.0,1.0
17.0,99893.0,7.0,0.0,40.0,1.0
37.0,98389.0,9.0,0.0,50.0,0.0
39.0,238415.0,13.0,0.0,50.0,0.0
41.0,170214.0,9.0,0.0,40.0,0.0
19.0,351802.0,9.0,0.0,35.0,0.0
24.0,249351.0,9.0,0.0,40.0,1.0
43.0,195897.0,9.0,7298.0,40.0,0.0
54.0,114520.0,10.0,0.0,40.0,0.0
38.0,275223.0,10.0,7298.0,40.0,0.0
43.0,269015.0,9.0,0.0,40.0,0.0
21.0,221955.0,9.0,0.0,40.0,0.0
25.0,186294.0,9.0,0.0,50.0,1.0
63.0,198559.0,9.0,0.0,16.0,0.0
20.0,229414.0,9.0,0.0,30.0,1.0
19.0,218956.0,10.0,0.0,24.0,0.0
44.0,159911.0,4.0,0.0,55.0,1.0
43.0,598995.0,13.0,0.0,42.0,1.0
51.0,74784.0,13.0,0.0,60.0,1.0
36.0,220585.0,12.0,0.0,50.0,0.0
36.0,84848.0,9.0,0.0,16.0,1.0
35.0,127306.0,11.0,14344.0,40.0,1.0
44.0,182771.0,13.0,0.0,48.0,0.0
19.0,356717.0,10.0,0.0,25.0,1.0
22.0,124940.0,10.0,0.0,44.0,1.0
18.0,387871.0,6.0,0.0,30.0,0.0
30.0,327202.0,8.0,0.0,40.0,0.0
29.0,82242.0,15.0,27828.0,45.0,0.0
40.0,105862.0,13.0,5455.0,40.0,1.0
56.0,179641.0,9.0,0.0,45.0,1.0
43.0,133584.0,9.0,0.0,40.0,0.0
55.0,176046.0,14.0,0.0,40.0,1.0
47.0,119199.0,10.0,0.0,35.0,1.0
27.0,244315.0,9.0,0.0,40.0,0.0
20.0,41183.0,10.0,0.0,30.0,1.0
55.0,164857.0,10.0,0.0,40.0,0.0
41.0,194710.0,9.0,0.0,40.0,1.0
25.0,182750.0,13.0,0.0,45.0,0.0
51.0,220537.0,9.0,0.0,40.0,1.0
51.0,136121.0,11.0,0.0,38.0,1.0
38.0,120074.0,13.0,0.0,50.0,0.0
22.0,87867.0,8.0,0.0,30.0,0.0
36.0,99270.0,9.0,0.0,40.0,1.0
37.0,593246.0,13.0,0.0,50.0,1.0
41.0,208330.0,10.0,0.0,51.0,0.0
20.0,122244.0,9.0,0.0,28.0,1.0
26.0,322614.0,1.0,0.0,40.0,0.0
45.0,50163.0,9.0,0.0,30.0,1.0
21.0,211301.0,10.0,0.0,8.0,1.0
23.0,304386.0,9.0,0.0,40.0,1.0
58.0,187067.0,13.0,0.0,62.0,1.0
22.0,229997.0,10.0,0.0,40.0,1.0
33.0,118551.0,9.0,0.0,40.0,1.0
20.0,110998.0,10.0,0.0,30.0,1.0
29.0,457402.0,3.0,0.0,25.0,0.0
69.0,159191.0,10.0,0.0,38.0,1.0
56.0,255406.0,9.0,0.0,40.0,1.0
22.0,363219.0,10.0,0.0,20.0,1.0
35.0,170263.0,9.0,0.0,40.0,1.0
20.0,303565.0,10.0,0.0,40.0,0.0
48.0,174829.0,12.0,0.0,40.0,0.0
28.0,118861.0,6.0,0.0,48.0,1.0
17.0,108470.0,7.0,0.0,17.0,0.0
53.0,95540.0,10.0,1471.0,40.0,1.0
31.0,96480.0,9.0,0.0,50.0,1.0
23.0,303121.0,10.0,0.0,30.0,0.0
39.0,119272.0,6.0,0.0,40.0,0.0
32.0,272376.0,12.0,0.0,40.0,1.0
40.0,309311.0,9.0,0.0,40.0,0.0
47.0,161950.0,13.0,0.0,25.0,1.0
28.0,233275.0,13.0,0.0,45.0,0.0
63.0,29859.0,9.0,0.0,40.0,0.0
53.0,268545.0,9.0,0.0,40.0,0.0
23.0,64292.0,9.0,0.0,40.0,1.0
49.0,68505.0,5.0,0.0,37.0,0.0
23.0,176123.0,9.0,0.0,40.0,0.0
24.0,197666.0,13.0,0.0,40.0,1.0
27.0,199471.0,11.0,0.0,38.0,1.0
57.0,175942.0,10.0,0.0,50.0,0.0
26.0,183171.0,7.0,1055.0,32.0,0.0
21.0,191460.0,7.0,0.0,40.0,1.0
46.0,229737.0,13.0,0.0,50.0,0.0
28.0,138054.0,12.0,0.0,40.0,0.0
36.0,37931.0,9.0,0.0,48.0,0.0
58.0,235624.0,11.0,0.0,40.0,0.0
35.0,107233.0,9.0,0.0,55.0,0.0
23.0,196508.0,10.0,0.0,40.0,1.0
36.0,214816.0,9.0,0.0,40.0,1.0
43.0,160369.0,9.0,0.0,40.0,0.0
49.0,200471.0,9.0,0.0,40.0,0.0
48.0,167749.0,9.0,0.0,40.0,1.0
25.0,295108.0,9.0,0.0,25.0,1.0
36.0,607848.0,10.0,7688.0,45.0,0.0
53.0,151580.0,11.0,4386.0,40.0,0.0
52.0,30731.0,13.0,0.0,45.0,0.0
27.0,216481.0,10.0,0.0,40.0,1.0
33.0,91811.0,9.0,0.0,40.0,0.0
40.0,118853.0,13.0,0.0,60.0,0.0
28.0,200515.0,10.0,0.0,35.0,0.0
37.0,185567.0,9.0,0.0,40.0,0.0
69.0,197080.0,8.0,9386.0,60.0,0.0
19.0,140242.0,10.0,0.0,20.0,1.0
22.0,203182.0,13.0,0.0,20.0,1.0
48.0,152915.0,10.0,0.0,40.0,1.0
40.0,143069.0,9.0,0.0,40.0,0.0
25.0,104746.0,10.0,0.0,16.0,0.0
19.0,217418.0,10.0,0.0,38.0,1.0
42.0,87284.0,15.0,7298.0,35.0,0.0
56.0,65325.0,13.0,0.0,50.0,0.0
46.0,164877.0,10.0,0.0,44.0,0.0
52.0,178983.0,16.0,0.0,40.0,0.0
30.0,162623.0,13.0,0.0,40.0,1.0
58.0,201344.0,13.0,0.0,20.0,1.0
90.0,139660.0,10.0,0.0,37.0,1.0
44.0,177905.0,10.0,0.0,58.0,0.0
51.0,142717.0,16.0,4787.0,60.0,1.0
46.0,243743.0,13.0,0.0,40.0,0.0
27.0,123116.0,9.0,0.0,40.0,0.0
51.0,101119.0,9.0,0.0,70.0,0.0
62.0,225652.0,4.0,3411.0,50.0,0.0
51.0,224763.0,4.0,0.0,40.0,0.0
24.0,267843.0,13.0,0.0,35.0,1.0
18.0,60981.0,7.0,0.0,4.0,1.0
27.0,189589.0,10.0,0.0,40.0,1.0
21.0,174907.0,9.0,0.0,40.0,1.0
56.0,264436.0,10.0,0.0,40.0,1.0
48.0,113598.0,10.0,0.0,40.0,1.0
29.0,177119.0,11.0,2174.0,45.0,1.0
25.0,192321.0,12.0,0.0,80.0,1.0
51.0,73670.0,16.0,4386.0,52.0,0.0
46.0,271828.0,9.0,0.0,40.0,0.0
67.0,204123.0,13.0,0.0,10.0,0.0
22.0,359759.0,10.0,0.0,20.0,0.0
18.0,120283.0,8.0,0.0,24.0,1.0
41.0,29115.0,10.0,0.0,20.0,1.0
54.0,391016.0,13.0,0.0,40.0,0.0
48.0,377140.0,3.0,0.0,35.0,1.0
46.0,155659.0,7.0,0.0,40.0,0.0
27.0,357348.0,9.0,0.0,50.0,1.0
41.0,372682.0,10.0,0.0,40.0,1.0
68.0,144056.0,9.0,3818.0,40.0,0.0
38.0,131461.0,5.0,0.0,24.0,1.0
36.0,358373.0,9.0,0.0,36.0,1.0
20.0,337488.0,10.0,0.0,30.0,0.0
46.0,314770.0,10.0,0.0,48.0,1.0
25.0,251854.0,10.0,0.0,40.0,1.0
25.0,187577.0,9.0,0.0,40.0,0.0
28.0,224964.0,9.0,0.0,25.0,1.0
58.0,209438.0,10.0,0.0,40.0,1.0
33.0,238912.0,16.0,0.0,60.0,0.0
49.0,315998.0,13.0,0.0,50.0,0.0
19.0,164395.0,9.0,0.0,25.0,1.0
39.0,347491.0,7.0,0.0,46.0,0.0
60.0,152711.0,13.0,0.0,40.0,0.0
30.0,142675.0,8.0,0.0,50.0,0.0
46.0,231347.0,10.0,0.0,20.0,0.0
44.0,288433.0,10.0,0.0,40.0,1.0
28.0,48894.0,9.0,0.0,40.0,1.0
51.0,53833.0,9.0,0.0,46.0,0.0
27.0,61387.0,13.0,0.0,15.0,0.0
57.0,426263.0,14.0,0.0,40.0,0.0
28.0,381789.0,13.0,0.0,50.0,0.0
50.0,163921.0,4.0,0.0,40.0,0.0
56.0,247337.0,13.0,0.0,50.0,0.0
55.0,52888.0,15.0,0.0,10.0,1.0
47.0,163814.0,6.0,0.0,40.0,0.0
36.0,79649.0,10.0,0.0,40.0,0.0
37.0,282872.0,9.0,0.0,40.0,0.0
52.0,206862.0,9.0,0.0,40.0,0.0
68.0,138714.0,13.0,0.0,55.0,0.0
20.0,94744.0,9.0,0.0,20.0,1.0
46.0,308077.0,15.0,0.0,40.0,1.0
47.0,191389.0,9.0,0.0,35.0,1.0
36.0,188972.0,10.0,0.0,40.0,1.0
59.0,161944.0,13.0,0.0,38.0,0.0
45.0,289468.0,7.0,0.0,40.0,1.0
23.0,131275.0,9.0,0.0,40.0,0.0
33.0,254221.0,16.0,0.0,60.0,1.0
35.0,374524.0,15.0,0.0,75.0,0.0
26.0,366900.0,9.0,0.0,40.0,0.0
52.0,318975.0,9.0,0.0,40.0,1.0
63.0,71800.0,4.0,0.0,41.0,1.0
36.0,94954.0,11.0,0.0,20.0,1.0
25.0,288519.0,13.0,0.0,40.0,1.0
58.0,373344.0,2.0,0.0,40.0,0.0
42.0,66460.0,10.0,0.0,45.0,1.0
22.0,148431.0,9.0,0.0,40.0,1.0
20.0,34321.0,10.0,0.0,30.0,1.0
29.0,337693.0,3.0,0.0,40.0,1.0
29.0,174419.0,9.0,0.0,30.0,1.0
34.0,234386.0,12.0,0.0,50.0,0.0
23.0,210053.0,10.0,0.0,28.0,1.0
54.0,204397.0,10.0,0.0,50.0,0.0
38.0,193372.0,10.0,0.0,40.0,1.0
49.0,31264.0,9.0,0.0,35.0,1.0
17.0,153021.0,8.0,0.0,20.0,1.0
32.0,171814.0,9.0,0.0,40.0,1.0
40.0,330174.0,15.0,7688.0,40.0,0.0
45.0,28035.0,10.0,0.0,50.0,0.0
39.0,372525.0,14.0,0.0,60.0,0.0
21.0,221955.0,5.0,0.0,40.0,0.0
26.0,154604.0,9.0,0.0,40.0,1.0
32.0,222654.0,6.0,0.0,40.0,0.0
62.0,83439.0,4.0,0.0,40.0,0.0
40.0,289748.0,13.0,4650.0,48.0,1.0
41.0,58930.0,13.0,0.0,40.0,1.0
19.0,283033.0,7.0,0.0,40.0,0.0
24.0,182504.0,10.0,0.0,25.0,1.0
21.0,198259.0,10.0,0.0,15.0,1.0
27.0,147340.0,10.0,0.0,40.0,1.0
35.0,102976.0,14.0,0.0,40.0,0.0
60.0,174073.0,9.0,0.0,40.0,0.0
46.0,340718.0,7.0,0.0,40.0,1.0
39.0,379350.0,6.0,0.0,40.0,0.0
47.0,294913.0,15.0,99999.0,40.0,0.0
25.0,37741.0,13.0,0.0,40.0,1.0
35.0,170092.0,9.0,0.0,20.0,1.0
38.0,200904.0,13.0,0.0,30.0,1.0
38.0,379485.0,12.0,0.0,45.0,0.0
23.0,123983.0,13.0,0.0,40.0,0.0
56.0,107314.0,10.0,0.0,40.0,1.0
58.0,215245.0,13.0,0.0,37.0,1.0
20.0,170800.0,10.0,0.0,40.0,1.0
25.0,214413.0,14.0,0.0,40.0,0.0
20.0,215232.0,10.0,0.0,10.0,1.0
67.0,330144.0,14.0,0.0,48.0,0.0
37.0,233571.0,11.0,0.0,37.0,1.0
44.0,55076.0,14.0,0.0,60.0,1.0
36.0,176458.0,9.0,0.0,28.0,1.0
28.0,226198.0,9.0,0.0,40.0,1.0
29.0,212102.0,9.0,0.0,30.0,1.0
39.0,183092.0,16.0,0.0,40.0,1.0
44.0,89172.0,13.0,0.0,50.0,0.0
50.0,161438.0,9.0,0.0,50.0,0.0
22.0,35663.0,9.0,0.0,40.0,1.0
62.0,134768.0,9.0,0.0,40.0,0.0
48.0,38819.0,9.0,0.0,36.0,0.0
59.0,159472.0,5.0,0.0,40.0,0.0
63.0,231777.0,13.0,0.0,40.0,0.0
30.0,115963.0,4.0,0.0,42.0,0.0
28.0,309566.0,9.0,0.0,20.0,1.0
74.0,29866.0,4.0,0.0,2.0,0.0
36.0,36425.0,10.0,0.0,35.0,1.0
32.0,400535.0,9.0,3781.0,40.0,0.0
44.0,172025.0,10.0,0.0,38.0,1.0
37.0,102541.0,11.0,0.0,40.0,1.0
57.0,214619.0,10.0,0.0,40.0,0.0
35.0,22055.0,10.0,0.0,60.0,0.0
35.0,412379.0,9.0,0.0,40.0,1.0
22.0,195143.0,10.0,0.0,29.0,1.0
29.0,51944.0,9.0,4386.0,40.0,1.0
63.0,424591.0,9.0,0.0,40.0,0.0
65.0,271092.0,10.0,0.0,40.0,1.0
64.0,211222.0,13.0,0.0,40.0,0.0
51.0,139127.0,10.0,0.0,50.0,1.0
26.0,250066.0,11.0,0.0,40.0,1.0
37.0,194630.0,14.0,0.0,40.0,1.0
57.0,180920.0,6.0,0.0,43.0,0.0
48.0,278530.0,9.0,0.0,40.0,0.0
46.0,295791.0,9.0,0.0,30.0,1.0
22.0,214238.0,4.0,0.0,40.0,1.0
31.0,288419.0,6.0,0.0,40.0,0.0
57.0,214061.0,9.0,0.0,40.0,1.0
53.0,227836.0,10.0,0.0,40.0,0.0
35.0,465507.0,9.0,0.0,40.0,0.0
26.0,339952.0,10.0,0.0,60.0,0.0
19.0,268392.0,9.0,0.0,30.0,1.0
45.0,167334.0,14.0,0.0,50.0,0.0
45.0,338105.0,13.0,0.0,40.0,0.0
34.0,148207.0,10.0,0.0,65.0,0.0
56.0,172071.0,9.0,0.0,40.0,1.0
21.0,296158.0,9.0,0.0,35.0,0.0
28.0,173800.0,13.0,0.0,10.0,1.0
23.0,204641.0,6.0,0.0,50.0,0.0
67.0,160456.0,7.0,0.0,40.0,1.0
41.0,160785.0,9.0,0.0,40.0,0.0
22.0,401451.0,10.0,0.0,48.0,0.0
52.0,194259.0,4.0,0.0,50.0,1.0
46.0,185385.0,9.0,0.0,65.0,0.0
38.0,323269.0,10.0,0.0,40.0,1.0
56.0,153451.0,10.0,0.0,35.0,1.0
55.0,105582.0,14.0,2228.0,50.0,0.0
51.0,180807.0,10.0,0.0,40.0,1.0
64.0,205479.0,13.0,0.0,50.0,0.0
23.0,184400.0,6.0,0.0,30.0,0.0
33.0,168030.0,9.0,0.0,32.0,1.0
37.0,147638.0,13.0,0.0,36.0,1.0
28.0,154863.0,5.0,0.0,40.0,0.0
23.0,249277.0,9.0,0.0,75.0,0.0
54.0,100933.0,9.0,0.0,40.0,1.0
33.0,127215.0,10.0,0.0,48.0,0.0
32.0,229732.0,13.0,0.0,45.0,0.0
30.0,167558.0,9.0,0.0,35.0,1.0
62.0,236096.0,9.0,0.0,40.0,0.0
30.0,231826.0,10.0,0.0,40.0,0.0
60.0,349898.0,9.0,0.0,44.0,1.0
29.0,175262.0,14.0,0.0,35.0,0.0
66.0,66008.0,9.0,0.0,50.0,1.0
41.0,32185.0,13.0,0.0,40.0,0.0
20.0,379525.0,10.0,0.0,10.0,1.0
39.0,116608.0,9.0,0.0,40.0,1.0
30.0,346122.0,12.0,5013.0,45.0,0.0
37.0,212465.0,9.0,0.0,40.0,0.0
46.0,145290.0,10.0,0.0,40.0,0.0
32.0,198068.0,7.0,0.0,40.0,0.0
42.0,266135.0,10.0,0.0,52.0,0.0
54.0,166459.0,15.0,99999.0,60.0,0.0
38.0,119177.0,13.0,0.0,40.0,0.0
33.0,301867.0,10.0,0.0,35.0,1.0
23.0,37072.0,13.0,0.0,50.0,0.0
21.0,184756.0,10.0,0.0,16.0,1.0
43.0,87284.0,10.0,0.0,40.0,0.0
20.0,289116.0,10.0,0.0,5.0,1.0
42.0,212206.0,14.0,0.0,48.0,1.0
40.0,226505.0,9.0,0.0,46.0,1.0
44.0,155930.0,13.0,0.0,60.0,0.0
26.0,224943.0,11.0,0.0,65.0,0.0
26.0,245880.0,9.0,0.0,40.0,0.0
26.0,90915.0,12.0,0.0,15.0,1.0
22.0,471452.0,13.0,0.0,8.0,0.0
37.0,174150.0,14.0,0.0,40.0,0.0
52.0,117674.0,13.0,0.0,38.0,0.0
55.0,113398.0,10.0,0.0,40.0,0.0
33.0,188246.0,9.0,0.0,40.0,0.0
56.0,268213.0,14.0,0.0,35.0,0.0
27.0,251854.0,13.0,0.0,35.0,1.0
46.0,428405.0,13.0,0.0,40.0,0.0
60.0,191446.0,9.0,99999.0,40.0,0.0
34.0,143083.0,11.0,0.0,18.0,1.0
50.0,133014.0,11.0,0.0,40.0,0.0
44.0,199031.0,10.0,0.0,40.0,0.0
51.0,86332.0,11.0,4064.0,55.0,0.0
22.0,251196.0,10.0,0.0,20.0,1.0
40.0,101593.0,13.0,0.0,50.0,0.0
31.0,502752.0,13.0,0.0,40.0,1.0
25.0,112835.0,14.0,0.0,40.0,0.0
55.0,160362.0,13.0,0.0,40.0,0.0
35.0,162358.0,13.0,0.0,50.0,1.0
64.0,195366.0,13.0,0.0,40.0,0.0
61.0,149981.0,9.0,2414.0,5.0,1.0
41.0,173370.0,13.0,0.0,30.0,1.0
33.0,123424.0,13.0,0.0,40.0,0.0
49.0,247378.0,10.0,0.0,20.0,1.0
39.0,210991.0,9.0,0.0,40.0,0.0
25.0,111058.0,10.0,0.0,40.0,0.0
54.0,103580.0,12.0,0.0,55.0,1.0
35.0,282461.0,9.0,0.0,50.0,0.0
36.0,240323.0,9.0,0.0,17.0,1.0
26.0,164938.0,9.0,0.0,40.0,0.0
40.0,197919.0,12.0,0.0,40.0,1.0
49.0,177426.0,9.0,0.0,20.0,1.0
52.0,117295.0,2.0,0.0,50.0,0.0
30.0,123397.0,9.0,0.0,40.0,1.0
39.0,33487.0,7.0,0.0,40.0,0.0
31.0,117526.0,10.0,0.0,45.0,1.0
27.0,243569.0,7.0,3942.0,40.0,0.0
28.0,398918.0,13.0,0.0,50.0,0.0
23.0,342769.0,13.0,0.0,20.0,1.0
58.0,259216.0,5.0,0.0,40.0,1.0
52.0,191529.0,13.0,0.0,40.0,0.0
30.0,248588.0,8.0,0.0,40.0,1.0
22.0,43535.0,10.0,0.0,40.0,1.0
24.0,53942.0,13.0,0.0,40.0,0.0
26.0,104045.0,9.0,0.0,30.0,1.0
54.0,109418.0,13.0,0.0,35.0,1.0
37.0,244803.0,9.0,0.0,40.0,0.0
20.0,115057.0,10.0,0.0,40.0,0.0
21.0,25265.0,9.0,0.0,40.0,0.0
29.0,241667.0,14.0,0.0,45.0,1.0
56.0,91262.0,9.0,0.0,45.0,0.0
20.0,249087.0,10.0,0.0,40.0,1.0
82.0,194590.0,11.0,0.0,8.0,1.0
53.0,321770.0,9.0,0.0,35.0,1.0
27.0,33429.0,10.0,0.0,40.0,1.0
25.0,308144.0,13.0,0.0,40.0,0.0
17.0,214787.0,8.0,0.0,25.0,1.0
58.0,261230.0,10.0,0.0,40.0,1.0
24.0,107801.0,9.0,0.0,40.0,1.0
49.0,168216.0,4.0,0.0,48.0,0.0
43.0,35236.0,9.0,0.0,40.0,0.0
39.0,272950.0,13.0,0.0,45.0,0.0
24.0,311949.0,9.0,0.0,45.0,1.0
37.0,359131.0,9.0,0.0,48.0,1.0
33.0,179758.0,9.0,0.0,20.0,1.0
22.0,187538.0,6.0,0.0,40.0,1.0
31.0,595000.0,9.0,0.0,35.0,1.0
54.0,185936.0,5.0,0.0,15.0,1.0
21.0,212619.0,11.0,0.0,40.0,0.0
19.0,279968.0,10.0,0.0,20.0,1.0
38.0,176657.0,10.0,0.0,60.0,0.0
75.0,113868.0,16.0,0.0,20.0,0.0
44.0,257758.0,16.0,0.0,40.0,0.0
17.0,202344.0,6.0,0.0,25.0,0.0
39.0,206253.0,13.0,0.0,40.0,1.0
45.0,187370.0,14.0,7430.0,70.0,0.0
32.0,194426.0,13.0,15024.0,40.0,0.0
64.0,46087.0,13.0,0.0,50.0,1.0
30.0,204374.0,13.0,0.0,48.0,0.0
19.0,574271.0,10.0,0.0,35.0,0.0
32.0,383269.0,13.0,0.0,40.0,1.0
22.0,229456.0,10.0,0.0,35.0,1.0
34.0,269243.0,10.0,0.0,40.0,1.0
40.0,108765.0,11.0,0.0,40.0,1.0
37.0,190987.0,10.0,7298.0,40.0,1.0
26.0,193945.0,12.0,0.0,45.0,0.0
33.0,408813.0,13.0,0.0,50.0,1.0
38.0,54816.0,11.0,0.0,40.0,0.0
61.0,221943.0,10.0,9386.0,40.0,0.0
38.0,195744.0,13.0,0.0,48.0,0.0
25.0,52536.0,12.0,0.0,25.0,1.0
43.0,144778.0,13.0,0.0,40.0,0.0
33.0,181091.0,10.0,0.0,40.0,0.0
45.0,151627.0,10.0,0.0,45.0,1.0
38.0,172927.0,9.0,0.0,50.0,0.0
20.0,340217.0,9.0,0.0,40.0,1.0
58.0,102509.0,6.0,0.0,50.0,0.0
42.0,165916.0,13.0,0.0,45.0,1.0
28.0,130067.0,13.0,0.0,40.0,1.0
29.0,229729.0,9.0,0.0,40.0,0.0
43.0,243380.0,10.0,0.0,40.0,0.0
52.0,373367.0,7.0,0.0,40.0,0.0
28.0,130620.0,7.0,0.0,40.0,1.0
46.0,90042.0,10.0,0.0,40.0,0.0
28.0,161290.0,10.0,0.0,40.0,1.0
40.0,201495.0,13.0,0.0,45.0,0.0
26.0,174592.0,10.0,0.0,40.0,1.0
20.0,163205.0,10.0,0.0,30.0,1.0
21.0,309348.0,10.0,594.0,4.0,1.0
28.0,157391.0,13.0,0.0,40.0,1.0
29.0,207064.0,9.0,0.0,40.0,0.0
34.0,304622.0,13.0,0.0,50.0,1.0
34.0,184147.0,9.0,0.0,20.0,1.0
59.0,96840.0,9.0,0.0,40.0,1.0
36.0,210452.0,13.0,0.0,45.0,0.0
40.0,226585.0,10.0,0.0,35.0,1.0
41.0,196456.0,14.0,0.0,40.0,1.0
25.0,50103.0,9.0,0.0,40.0,1.0
30.0,20098.0,11.0,0.0,40.0,1.0
45.0,160724.0,9.0,0.0,40.0,0.0
43.0,350661.0,15.0,0.0,50.0,0.0
22.0,204226.0,9.0,0.0,40.0,1.0
61.0,35649.0,10.0,0.0,6.0,0.0
40.0,284706.0,15.0,0.0,60.0,0.0
19.0,189574.0,9.0,0.0,30.0,1.0
38.0,305597.0,9.0,0.0,40.0,0.0
65.0,350498.0,13.0,10605.0,20.0,0.0
30.0,111567.0,9.0,0.0,48.0,0.0
47.0,275095.0,10.0,0.0,40.0,1.0
19.0,187570.0,9.0,0.0,20.0,0.0
70.0,131699.0,13.0,0.0,55.0,1.0
63.0,167501.0,10.0,20051.0,10.0,1.0
21.0,263641.0,9.0,0.0,40.0,1.0
55.0,170166.0,13.0,0.0,25.0,1.0
17.0,178953.0,8.0,0.0,20.0,1.0
56.0,144380.0,10.0,0.0,50.0,0.0
35.0,296478.0,10.0,0.0,40.0,0.0
22.0,197583.0,13.0,0.0,20.0,1.0
55.0,283635.0,15.0,0.0,35.0,1.0
41.0,39581.0,10.0,0.0,24.0,1.0
25.0,135568.0,9.0,0.0,40.0,0.0
46.0,99086.0,10.0,0.0,40.0,1.0
18.0,57957.0,9.0,0.0,15.0,1.0
40.0,168936.0,11.0,0.0,32.0,1.0
20.0,56322.0,10.0,0.0,20.0,0.0
36.0,49626.0,9.0,0.0,40.0,0.0
24.0,275093.0,9.0,0.0,36.0,1.0
61.0,166855.0,13.0,0.0,10.0,0.0
26.0,176981.0,13.0,0.0,50.0,1.0
33.0,295589.0,13.0,0.0,50.0,0.0
20.0,147884.0,9.0,0.0,40.0,1.0
26.0,149734.0,9.0,0.0,40.0,1.0
49.0,192894.0,9.0,0.0,40.0,0.0
32.0,286101.0,9.0,0.0,37.0,1.0
26.0,34803.0,9.0,0.0,40.0,1.0
62.0,407669.0,4.0,0.0,35.0,1.0
28.0,175406.0,14.0,0.0,30.0,1.0
29.0,181280.0,9.0,0.0,40.0,0.0
65.0,143570.0,10.0,0.0,40.0,1.0
23.0,117618.0,13.0,0.0,24.0,0.0
46.0,226871.0,13.0,0.0,50.0,0.0
51.0,249339.0,9.0,0.0,40.0,0.0
37.0,25864.0,9.0,0.0,40.0,1.0
55.0,186791.0,9.0,0.0,40.0,1.0
65.0,169047.0,9.0,0.0,10.0,0.0
33.0,598802.0,10.0,0.0,40.0,1.0
67.0,63552.0,4.0,0.0,35.0,1.0
45.0,125933.0,10.0,0.0,40.0,1.0
24.0,234460.0,5.0,0.0,40.0,1.0
43.0,405374.0,10.0,0.0,40.0,0.0
64.0,114994.0,9.0,0.0,20.0,0.0
23.0,188545.0,12.0,0.0,20.0,1.0
29.0,246933.0,9.0,0.0,40.0,0.0
40.0,335549.0,15.0,0.0,45.0,0.0
26.0,213258.0,9.0,0.0,40.0,0.0
36.0,134367.0,9.0,0.0,30.0,1.0
20.0,352139.0,10.0,0.0,29.0,1.0
47.0,148171.0,16.0,0.0,50.0,0.0
37.0,421633.0,14.0,0.0,40.0,1.0
31.0,112062.0,13.0,0.0,40.0,1.0
32.0,174215.0,13.0,0.0,60.0,1.0
45.0,155659.0,13.0,0.0,60.0,0.0
25.0,181598.0,7.0,0.0,40.0,0.0
31.0,416415.0,9.0,0.0,45.0,0.0
41.0,141642.0,9.0,0.0,40.0,1.0
38.0,255621.0,9.0,0.0,40.0,0.0
47.0,101684.0,9.0,0.0,40.0,0.0
18.0,220836.0,7.0,0.0,20.0,1.0
32.0,95885.0,7.0,13550.0,60.0,0.0
23.0,218215.0,12.0,0.0,35.0,1.0
52.0,287927.0,9.0,15024.0,40.0,1.0
27.0,118799.0,9.0,0.0,40.0,1.0
62.0,97017.0,10.0,0.0,45.0,0.0
34.0,55717.0,9.0,0.0,50.0,0.0
42.0,220776.0,9.0,0.0,40.0,0.0
43.0,424094.0,16.0,0.0,40.0,1.0
17.0,34088.0,8.0,0.0,25.0,1.0
35.0,189623.0,16.0,0.0,45.0,0.0
45.0,125489.0,14.0,0.0,50.0,1.0
32.0,48014.0,10.0,0.0,35.0,1.0
38.0,133963.0,13.0,0.0,50.0,1.0
46.0,128645.0,10.0,0.0,40.0,1.0
62.0,81578.0,9.0,0.0,40.0,0.0
38.0,201617.0,9.0,0.0,40.0,1.0
49.0,120451.0,6.0,0.0,40.0,1.0
24.0,304386.0,9.0,0.0,30.0,1.0
27.0,130856.0,13.0,0.0,40.0,0.0
51.0,161482.0,9.0,0.0,38.0,1.0
25.0,324372.0,9.0,0.0,40.0,0.0
36.0,129150.0,10.0,0.0,20.0,0.0
34.0,101517.0,10.0,0.0,35.0,1.0
33.0,165814.0,9.0,0.0,40.0,0.0
23.0,314894.0,9.0,0.0,45.0,1.0
64.0,379062.0,10.0,0.0,12.0,1.0
53.0,284329.0,14.0,0.0,50.0,0.0
30.0,285295.0,13.0,0.0,40.0,1.0
50.0,240496.0,10.0,0.0,36.0,1.0
24.0,275421.0,10.0,0.0,40.0,1.0
69.0,182862.0,9.0,15831.0,40.0,0.0
50.0,127315.0,13.0,15024.0,60.0,0.0
35.0,208378.0,8.0,0.0,40.0,1.0
37.0,93717.0,10.0,7298.0,45.0,1.0
29.0,124680.0,13.0,13550.0,35.0,1.0
24.0,165350.0,9.0,0.0,50.0,0.0
27.0,217530.0,9.0,0.0,40.0,0.0
17.0,160118.0,8.0,0.0,10.0,1.0
19.0,52114.0,10.0,0.0,10.0,1.0
27.0,177351.0,13.0,0.0,45.0,0.0
47.0,265097.0,9.0,0.0,45.0,0.0
37.0,230035.0,9.0,0.0,46.0,0.0
23.0,55674.0,13.0,2907.0,40.0,1.0
50.0,156623.0,15.0,7688.0,50.0,0.0
31.0,43716.0,11.0,0.0,43.0,0.0
33.0,108328.0,10.0,6849.0,50.0,1.0
71.0,180117.0,6.0,0.0,40.0,0.0
39.0,86551.0,9.0,0.0,40.0,0.0
18.0,469921.0,10.0,0.0,40.0,1.0
44.0,274562.0,9.0,14344.0,40.0,0.0
38.0,121602.0,9.0,0.0,40.0,0.0
44.0,33658.0,14.0,7688.0,50.0,0.0
19.0,167816.0,9.0,0.0,35.0,1.0
47.0,140644.0,10.0,0.0,40.0,0.0
47.0,201699.0,12.0,0.0,50.0,0.0
39.0,99270.0,13.0,0.0,50.0,1.0
42.0,46366.0,9.0,0.0,40.0,1.0
36.0,282602.0,11.0,0.0,40.0,1.0
45.0,166929.0,7.0,0.0,40.0,0.0
62.0,153148.0,9.0,0.0,84.0,1.0
32.0,496743.0,13.0,0.0,40.0,0.0
49.0,72333.0,10.0,0.0,40.0,1.0
63.0,111306.0,4.0,0.0,10.0,1.0
51.0,203334.0,16.0,0.0,45.0,1.0
19.0,71592.0,10.0,0.0,40.0,1.0
42.0,257328.0,9.0,0.0,40.0,0.0
38.0,239755.0,7.0,0.0,40.0,0.0
30.0,285902.0,12.0,0.0,40.0,0.0
19.0,217769.0,10.0,594.0,10.0,1.0
37.0,126743.0,2.0,0.0,53.0,0.0
46.0,197988.0,2.0,0.0,20.0,1.0
25.0,157900.0,10.0,0.0,40.0,1.0
43.0,191149.0,9.0,0.0,40.0,1.0
40.0,114580.0,9.0,0.0,24.0,1.0
17.0,117549.0,6.0,0.0,12.0,1.0
18.0,293227.0,9.0,0.0,45.0,1.0
25.0,193820.0,14.0,0.0,35.0,1.0
32.0,123964.0,10.0,4386.0,50.0,0.0
57.0,84888.0,9.0,0.0,50.0,0.0
38.0,187748.0,13.0,0.0,40.0,0.0
31.0,181824.0,13.0,0.0,35.0,1.0
19.0,204868.0,9.0,0.0,36.0,1.0
27.0,212506.0,10.0,0.0,40.0,1.0
20.0,228686.0,7.0,0.0,40.0,0.0
18.0,131180.0,7.0,0.0,16.0,1.0
30.0,271933.0,9.0,0.0,40.0,1.0
20.0,212582.0,10.0,0.0,16.0,1.0
47.0,124973.0,11.0,15024.0,50.0,0.0
39.0,195253.0,15.0,0.0,45.0,0.0
29.0,84366.0,6.0,0.0,40.0,1.0
31.0,1033222.0,10.0,0.0,40.0,0.0
21.0,57711.0,9.0,0.0,30.0,1.0
39.0,174330.0,9.0,0.0,40.0,0.0
45.0,60267.0,9.0,0.0,38.0,1.0
51.0,231181.0,10.0,0.0,21.0,0.0
50.0,278188.0,9.0,0.0,45.0,1.0
32.0,174789.0,9.0,0.0,40.0,0.0
22.0,333158.0,9.0,0.0,48.0,1.0
50.0,204577.0,13.0,0.0,60.0,0.0
31.0,225053.0,9.0,0.0,45.0,0.0
57.0,210688.0,9.0,0.0,15.0,0.0
21.0,222490.0,11.0,0.0,40.0,1.0
40.0,169995.0,9.0,0.0,40.0,0.0
56.0,168625.0,9.0,4101.0,40.0,1.0
32.0,420895.0,9.0,0.0,40.0,0.0
32.0,172579.0,9.0,0.0,30.0,1.0
20.0,117789.0,9.0,0.0,40.0,1.0
24.0,172496.0,13.0,0.0,30.0,0.0
23.0,186014.0,10.0,0.0,15.0,1.0
52.0,105428.0,10.0,0.0,12.0,0.0
22.0,164775.0,3.0,0.0,40.0,0.0
29.0,198997.0,9.0,0.0,20.0,1.0
19.0,160033.0,10.0,0.0,30.0,1.0
59.0,230899.0,5.0,0.0,40.0,1.0
23.0,276568.0,10.0,0.0,40.0,1.0
28.0,96226.0,9.0,0.0,45.0,0.0
20.0,127185.0,10.0,0.0,15.0,1.0
43.0,209149.0,9.0,0.0,35.0,1.0
18.0,148952.0,10.0,0.0,24.0,1.0
55.0,170169.0,9.0,0.0,40.0,1.0
46.0,227310.0,10.0,0.0,40.0,1.0
39.0,140854.0,9.0,0.0,50.0,0.0
27.0,104329.0,7.0,0.0,40.0,0.0
36.0,176101.0,10.0,2174.0,60.0,0.0
66.0,166461.0,7.0,0.0,26.0,0.0
36.0,437890.0,9.0,0.0,90.0,0.0
53.0,126592.0,10.0,7688.0,40.0,0.0
19.0,55284.0,9.0,0.0,35.0,1.0
48.0,114561.0,13.0,0.0,36.0,1.0
28.0,246974.0,9.0,0.0,40.0,0.0
32.0,259719.0,10.0,0.0,40.0,0.0
24.0,267955.0,5.0,0.0,20.0,1.0
46.0,94809.0,10.0,0.0,30.0,1.0
37.0,262409.0,14.0,0.0,45.0,1.0
26.0,231638.0,9.0,0.0,40.0,1.0
19.0,274657.0,3.0,0.0,50.0,0.0
59.0,170988.0,9.0,0.0,55.0,0.0
36.0,393673.0,12.0,0.0,50.0,1.0
46.0,219962.0,13.0,7298.0,40.0,0.0
27.0,327766.0,10.0,0.0,45.0,0.0
58.0,183893.0,10.0,0.0,40.0,1.0
62.0,118696.0,9.0,0.0,40.0,0.0
25.0,90752.0,13.0,0.0,50.0,1.0
46.0,384795.0,13.0,0.0,32.0,1.0
32.0,188048.0,13.0,0.0,40.0,1.0
48.0,265083.0,6.0,0.0,38.0,1.0
42.0,96524.0,9.0,0.0,60.0,0.0
39.0,146091.0,13.0,0.0,20.0,1.0
60.0,63296.0,14.0,0.0,40.0,0.0
34.0,62396.0,13.0,0.0,62.0,1.0
38.0,143538.0,9.0,0.0,40.0,1.0
25.0,104193.0,9.0,114.0,40.0,1.0
46.0,219967.0,13.0,0.0,40.0,0.0
27.0,212041.0,13.0,0.0,50.0,0.0
61.0,229062.0,10.0,0.0,40.0,0.0
40.0,170214.0,9.0,0.0,40.0,0.0
47.0,97842.0,10.0,0.0,40.0,0.0
36.0,201769.0,7.0,13550.0,40.0,0.0
44.0,38434.0,14.0,0.0,40.0,1.0
36.0,233571.0,10.0,0.0,4.0,1.0
51.0,259323.0,9.0,0.0,70.0,0.0
21.0,182614.0,10.0,0.0,40.0,1.0
23.0,275244.0,9.0,0.0,35.0,0.0
28.0,209641.0,9.0,0.0,32.0,0.0
26.0,270151.0,13.0,0.0,40.0,1.0
44.0,151089.0,13.0,0.0,50.0,0.0
49.0,248895.0,9.0,0.0,45.0,0.0
40.0,153372.0,10.0,0.0,50.0,0.0
37.0,117381.0,14.0,0.0,45.0,0.0
25.0,194352.0,13.0,0.0,44.0,1.0
62.0,204085.0,10.0,0.0,25.0,0.0
25.0,247006.0,12.0,0.0,45.0,0.0
41.0,197919.0,9.0,0.0,60.0,1.0
34.0,120461.0,10.0,0.0,50.0,1.0
41.0,208174.0,14.0,0.0,55.0,1.0
21.0,277408.0,10.0,0.0,35.0,1.0
37.0,241805.0,10.0,0.0,30.0,0.0
19.0,172893.0,10.0,0.0,30.0,1.0
48.0,139290.0,6.0,0.0,48.0,1.0
45.0,229967.0,9.0,13550.0,50.0,0.0
63.0,264968.0,13.0,0.0,40.0,0.0
25.0,211497.0,10.0,0.0,40.0,0.0
48.0,177211.0,7.0,0.0,40.0,0.0
35.0,170797.0,13.0,0.0,40.0,1.0
79.0,172220.0,4.0,2964.0,30.0,1.0
40.0,112388.0,14.0,0.0,40.0,0.0
40.0,176602.0,9.0,0.0,40.0,0.0
47.0,213668.0,15.0,0.0,50.0,0.0
38.0,121135.0,9.0,0.0,40.0,0.0
59.0,144071.0,3.0,2580.0,15.0,0.0
33.0,206280.0,9.0,0.0,40.0,0.0
28.0,169631.0,12.0,0.0,3.0,1.0
46.0,187370.0,13.0,0.0,40.0,0.0
26.0,132749.0,13.0,0.0,80.0,1.0
65.0,180807.0,9.0,991.0,20.0,0.0
19.0,91928.0,10.0,0.0,35.0,1.0
70.0,236055.0,4.0,0.0,35.0,1.0
28.0,71733.0,10.0,0.0,15.0,1.0
21.0,258490.0,10.0,0.0,20.0,1.0
32.0,161478.0,13.0,0.0,46.0,1.0
34.0,265807.0,9.0,0.0,55.0,0.0
49.0,155489.0,14.0,0.0,50.0,0.0
17.0,100828.0,10.0,0.0,20.0,0.0
25.0,123586.0,10.0,0.0,40.0,0.0
46.0,99385.0,13.0,0.0,40.0,1.0
21.0,232719.0,9.0,0.0,40.0,0.0
27.0,114158.0,13.0,0.0,40.0,1.0
30.0,112115.0,9.0,0.0,60.0,0.0
29.0,113464.0,9.0,0.0,40.0,0.0
67.0,124470.0,9.0,0.0,60.0,0.0
40.0,179666.0,13.0,0.0,30.0,0.0
28.0,271466.0,9.0,0.0,45.0,0.0
48.0,265477.0,12.0,0.0,40.0,0.0
49.0,60751.0,9.0,0.0,40.0,0.0
39.0,53569.0,11.0,0.0,40.0,0.0
41.0,147372.0,9.0,0.0,48.0,0.0
29.0,33798.0,9.0,0.0,45.0,0.0
52.0,99682.0,10.0,0.0,52.0,1.0
59.0,226922.0,9.0,0.0,30.0,1.0
41.0,374764.0,13.0,0.0,20.0,0.0
62.0,152148.0,5.0,0.0,40.0,0.0
51.0,208302.0,12.0,0.0,38.0,0.0
51.0,77905.0,11.0,0.0,40.0,1.0
28.0,181659.0,9.0,0.0,40.0,0.0
18.0,130652.0,10.0,0.0,25.0,1.0
49.0,166809.0,13.0,0.0,40.0,1.0
53.0,202733.0,14.0,7688.0,70.0,0.0
45.0,51164.0,10.0,0.0,40.0,1.0
30.0,151989.0,11.0,0.0,40.0,1.0
59.0,187502.0,10.0,0.0,50.0,0.0
44.0,367749.0,2.0,0.0,40.0,1.0
28.0,216481.0,13.0,0.0,40.0,1.0
52.0,122109.0,9.0,0.0,40.0,1.0
59.0,172071.0,9.0,0.0,38.0,1.0
19.0,140985.0,10.0,0.0,25.0,0.0
39.0,50700.0,9.0,0.0,40.0,0.0
61.0,60641.0,10.0,0.0,30.0,1.0
35.0,106028.0,9.0,0.0,65.0,0.0
17.0,309504.0,6.0,0.0,24.0,1.0
40.0,216237.0,13.0,0.0,45.0,1.0
54.0,421561.0,10.0,0.0,40.0,0.0
45.0,275995.0,13.0,0.0,50.0,0.0
38.0,238721.0,12.0,0.0,40.0,1.0
42.0,215219.0,7.0,0.0,30.0,1.0
23.0,192812.0,13.0,0.0,40.0,1.0
26.0,190350.0,13.0,0.0,35.0,1.0
69.0,165017.0,9.0,2538.0,40.0,0.0
38.0,122493.0,13.0,4064.0,40.0,0.0
22.0,192455.0,9.0,0.0,40.0,1.0
56.0,174351.0,8.0,0.0,40.0,0.0
44.0,128485.0,11.0,0.0,40.0,0.0
29.0,29616.0,9.0,0.0,65.0,0.0
42.0,118947.0,13.0,0.0,40.0,0.0
58.0,311409.0,14.0,7688.0,30.0,0.0
24.0,174461.0,12.0,0.0,22.0,1.0
36.0,184456.0,13.0,27828.0,55.0,0.0
22.0,177902.0,10.0,0.0,25.0,1.0
24.0,145111.0,9.0,0.0,45.0,0.0
32.0,185480.0,11.0,0.0,40.0,1.0
68.0,152157.0,9.0,0.0,20.0,1.0
35.0,110402.0,7.0,0.0,35.0,0.0
54.0,221915.0,10.0,0.0,50.0,1.0
31.0,204752.0,8.0,0.0,32.0,0.0
27.0,153475.0,13.0,0.0,40.0,1.0
67.0,154035.0,9.0,0.0,32.0,0.0
25.0,148888.0,9.0,0.0,60.0,0.0
25.0,110138.0,9.0,0.0,40.0,0.0
23.0,236601.0,10.0,0.0,48.0,0.0
57.0,299358.0,9.0,0.0,25.0,1.0
41.0,315834.0,13.0,0.0,40.0,1.0
30.0,108247.0,13.0,0.0,40.0,0.0
34.0,176992.0,10.0,0.0,40.0,0.0
23.0,496382.0,10.0,0.0,40.0,1.0
64.0,256019.0,14.0,0.0,35.0,1.0
31.0,108468.0,15.0,0.0,60.0,0.0
30.0,100734.0,10.0,0.0,40.0,1.0
48.0,39530.0,9.0,0.0,40.0,1.0
20.0,74631.0,10.0,0.0,50.0,1.0
21.0,149637.0,10.0,0.0,25.0,1.0
37.0,48063.0,13.0,0.0,55.0,0.0
17.0,332666.0,6.0,0.0,4.0,1.0
19.0,127085.0,10.0,0.0,10.0,0.0
48.0,25468.0,14.0,99999.0,50.0,0.0
30.0,103649.0,10.0,0.0,40.0,1.0
46.0,278322.0,11.0,0.0,40.0,0.0
53.0,205288.0,9.0,7688.0,35.0,1.0
20.0,108887.0,9.0,0.0,40.0,1.0
33.0,99339.0,12.0,0.0,40.0,1.0
31.0,363130.0,9.0,0.0,18.0,0.0
55.0,156797.0,10.0,0.0,40.0,1.0
45.0,288437.0,9.0,4064.0,40.0,0.0
41.0,48087.0,4.0,0.0,40.0,0.0
43.0,200734.0,9.0,0.0,40.0,1.0
29.0,136277.0,6.0,0.0,32.0,1.0
49.0,24712.0,13.0,0.0,35.0,1.0
26.0,256737.0,7.0,0.0,40.0,0.0
45.0,178215.0,5.0,0.0,40.0,1.0
22.0,291386.0,10.0,0.0,40.0,1.0
51.0,146813.0,10.0,0.0,40.0,0.0
43.0,171888.0,10.0,0.0,40.0,1.0
45.0,112929.0,4.0,0.0,35.0,1.0
22.0,136767.0,9.0,0.0,30.0,0.0
72.0,177121.0,13.0,0.0,3.0,0.0
43.0,169628.0,13.0,0.0,35.0,1.0
44.0,19914.0,9.0,0.0,50.0,1.0
33.0,209317.0,5.0,0.0,45.0,0.0
29.0,267034.0,7.0,0.0,40.0,0.0
29.0,106179.0,10.0,0.0,40.0,1.0
38.0,37028.0,10.0,0.0,38.0,1.0
19.0,25429.0,10.0,0.0,16.0,1.0
37.0,278632.0,5.0,0.0,40.0,0.0
59.0,246262.0,10.0,0.0,40.0,0.0
48.0,198000.0,10.0,0.0,38.0,1.0
30.0,267161.0,10.0,0.0,45.0,1.0
22.0,500720.0,9.0,0.0,40.0,1.0
46.0,421223.0,10.0,0.0,40.0,1.0
65.0,167414.0,9.0,0.0,59.0,0.0
58.0,44246.0,5.0,0.0,40.0,0.0
41.0,227644.0,9.0,0.0,50.0,0.0
33.0,183923.0,14.0,7688.0,35.0,1.0
24.0,43387.0,13.0,0.0,55.0,0.0
26.0,68991.0,9.0,0.0,40.0,0.0
40.0,104719.0,10.0,0.0,40.0,0.0
48.0,296066.0,10.0,0.0,50.0,0.0
49.0,202874.0,9.0,0.0,40.0,1.0
62.0,224953.0,6.0,0.0,40.0,0.0
43.0,111949.0,9.0,0.0,35.0,1.0
28.0,198258.0,11.0,0.0,40.0,0.0
25.0,77698.0,10.0,0.0,40.0,1.0
59.0,223131.0,9.0,0.0,60.0,0.0
58.0,200040.0,9.0,0.0,40.0,0.0
20.0,165201.0,10.0,0.0,4.0,1.0
24.0,137591.0,10.0,0.0,40.0,0.0
30.0,158200.0,15.0,0.0,40.0,1.0
41.0,202168.0,10.0,0.0,60.0,0.0
42.0,190044.0,13.0,15024.0,50.0,0.0
22.0,433669.0,12.0,0.0,36.0,0.0
51.0,43909.0,9.0,0.0,40.0,1.0
54.0,320196.0,10.0,0.0,40.0,1.0
47.0,34248.0,9.0,0.0,38.0,0.0
48.0,349151.0,9.0,0.0,40.0,0.0
40.0,280433.0,13.0,0.0,50.0,0.0
19.0,199609.0,10.0,0.0,40.0,1.0
28.0,25864.0,9.0,0.0,35.0,1.0
28.0,37088.0,13.0,0.0,50.0,0.0
24.0,249909.0,9.0,0.0,50.0,0.0
25.0,153841.0,10.0,0.0,40.0,1.0
30.0,316606.0,13.0,0.0,40.0,1.0
49.0,304416.0,7.0,0.0,40.0,1.0
17.0,108909.0,9.0,0.0,20.0,1.0
54.0,200783.0,10.0,0.0,40.0,0.0
63.0,30602.0,4.0,0.0,40.0,1.0
57.0,210496.0,6.0,0.0,40.0,1.0
22.0,170800.0,11.0,0.0,12.0,1.0
29.0,180299.0,10.0,0.0,35.0,0.0
44.0,271792.0,13.0,0.0,40.0,1.0
45.0,327886.0,15.0,0.0,40.0,0.0
39.0,324420.0,2.0,0.0,45.0,0.0
29.0,176027.0,13.0,0.0,40.0,1.0
23.0,368739.0,13.0,0.0,40.0,1.0
27.0,123302.0,9.0,0.0,40.0,0.0
22.0,166371.0,10.0,0.0,40.0,0.0
18.0,112974.0,7.0,0.0,3.0,0.0
36.0,187098.0,9.0,0.0,40.0,1.0
29.0,34292.0,10.0,0.0,60.0,0.0
17.0,204018.0,7.0,0.0,15.0,0.0
25.0,220220.0,7.0,0.0,45.0,0.0
23.0,201138.0,10.0,0.0,8.0,1.0
25.0,167835.0,13.0,0.0,38.0,1.0
59.0,283635.0,14.0,0.0,40.0,1.0
25.0,161007.0,9.0,0.0,40.0,0.0
55.0,171355.0,11.0,0.0,20.0,0.0
36.0,187983.0,9.0,0.0,40.0,1.0
30.0,147921.0,11.0,0.0,46.0,1.0
36.0,316298.0,13.0,0.0,40.0,0.0
26.0,211798.0,9.0,0.0,40.0,1.0
23.0,162228.0,13.0,0.0,48.0,0.0
46.0,295566.0,16.0,25236.0,65.0,1.0
24.0,118657.0,8.0,0.0,40.0,0.0
32.0,61898.0,7.0,0.0,15.0,1.0
28.0,303954.0,9.0,0.0,42.0,0.0
46.0,294907.0,3.0,0.0,40.0,0.0
21.0,103277.0,8.0,4508.0,30.0,1.0
41.0,49797.0,9.0,0.0,40.0,0.0
20.0,174391.0,9.0,0.0,40.0,1.0
36.0,156400.0,10.0,0.0,40.0,1.0
27.0,142712.0,14.0,0.0,40.0,0.0
64.0,169871.0,9.0,0.0,45.0,0.0
44.0,174189.0,10.0,0.0,60.0,0.0
40.0,183096.0,5.0,0.0,40.0,1.0
47.0,97883.0,13.0,25236.0,35.0,1.0
42.0,108506.0,9.0,0.0,60.0,0.0
18.0,675421.0,5.0,594.0,40.0,0.0
34.0,154120.0,9.0,0.0,55.0,0.0
32.0,188246.0,9.0,0.0,40.0,0.0
39.0,98077.0,9.0,0.0,42.0,0.0
19.0,307837.0,10.0,0.0,40.0,0.0
34.0,52537.0,9.0,0.0,30.0,0.0
53.0,285621.0,14.0,0.0,40.0,1.0
29.0,162312.0,11.0,0.0,40.0,0.0
66.0,28061.0,4.0,0.0,50.0,0.0
27.0,329426.0,13.0,0.0,45.0,0.0
27.0,365110.0,13.0,0.0,20.0,1.0
19.0,158118.0,9.0,0.0,40.0,1.0
24.0,109869.0,10.0,0.0,40.0,0.0
21.0,212114.0,10.0,0.0,8.0,1.0
29.0,178244.0,9.0,0.0,40.0,0.0
50.0,257933.0,10.0,0.0,40.0,1.0
26.0,28856.0,13.0,0.0,40.0,1.0
18.0,36162.0,7.0,0.0,5.0,0.0
39.0,230329.0,9.0,0.0,35.0,0.0
38.0,154410.0,9.0,0.0,40.0,0.0
26.0,276309.0,10.0,0.0,20.0,1.0
50.0,92969.0,2.0,0.0,40.0,1.0
90.0,52386.0,10.0,0.0,35.0,0.0
50.0,401118.0,9.0,99999.0,50.0,0.0
33.0,268451.0,10.0,0.0,40.0,1.0
29.0,202878.0,9.0,0.0,50.0,0.0
51.0,215647.0,9.0,0.0,43.0,1.0
54.0,50385.0,13.0,0.0,45.0,1.0
20.0,245297.0,10.0,0.0,20.0,1.0
24.0,295763.0,13.0,0.0,50.0,1.0
23.0,312017.0,10.0,0.0,40.0,0.0
58.0,154537.0,13.0,0.0,20.0,1.0
26.0,417941.0,13.0,0.0,40.0,1.0
26.0,192302.0,10.0,0.0,25.0,1.0
26.0,36201.0,13.0,0.0,50.0,0.0
54.0,123374.0,4.0,0.0,40.0,0.0
21.0,134746.0,10.0,0.0,35.0,1.0
23.0,216811.0,9.0,0.0,16.0,1.0
62.0,218009.0,9.0,0.0,60.0,0.0
29.0,168015.0,9.0,0.0,40.0,1.0
35.0,224566.0,10.0,0.0,60.0,0.0
74.0,145463.0,2.0,0.0,15.0,1.0
19.0,318822.0,7.0,0.0,35.0,1.0
26.0,459548.0,9.0,0.0,20.0,0.0
24.0,204653.0,10.0,0.0,40.0,0.0
22.0,223019.0,9.0,0.0,40.0,1.0
35.0,320305.0,9.0,0.0,32.0,0.0
34.0,176244.0,4.0,0.0,40.0,1.0
56.0,202220.0,10.0,0.0,38.0,1.0
54.0,31533.0,14.0,7298.0,40.0,0.0
41.0,81054.0,10.0,0.0,25.0,1.0
38.0,199256.0,9.0,0.0,40.0,1.0
49.0,158685.0,9.0,0.0,40.0,1.0
61.0,352448.0,13.0,0.0,60.0,0.0
19.0,117444.0,9.0,0.0,30.0,0.0
19.0,139466.0,10.0,0.0,25.0,1.0
44.0,83508.0,15.0,2354.0,99.0,1.0
20.0,124954.0,10.0,0.0,30.0,0.0
41.0,282882.0,9.0,0.0,40.0,1.0
59.0,148844.0,9.0,0.0,40.0,1.0
37.0,206888.0,9.0,0.0,50.0,1.0
32.0,42485.0,9.0,0.0,40.0,0.0
27.0,328518.0,11.0,0.0,30.0,0.0
21.0,206861.0,10.0,0.0,20.0,0.0
38.0,127961.0,10.0,0.0,45.0,0.0
24.0,241185.0,9.0,0.0,48.0,1.0
32.0,185732.0,7.0,0.0,40.0,1.0
22.0,221480.0,9.0,0.0,40.0,1.0
44.0,109339.0,7.0,0.0,46.0,1.0
43.0,89636.0,13.0,0.0,60.0,1.0
18.0,186909.0,9.0,1055.0,30.0,1.0
20.0,190231.0,5.0,0.0,11.0,1.0
42.0,367533.0,6.0,0.0,43.0,0.0
57.0,169071.0,9.0,0.0,28.0,1.0
55.0,258648.0,6.0,0.0,40.0,0.0
23.0,122272.0,9.0,0.0,40.0,1.0
21.0,387335.0,10.0,0.0,9.0,1.0
57.0,89392.0,14.0,0.0,40.0,1.0
44.0,113597.0,10.0,0.0,55.0,0.0
30.0,203834.0,13.0,0.0,50.0,1.0
29.0,194940.0,13.0,0.0,40.0,0.0
29.0,103432.0,9.0,0.0,40.0,0.0
42.0,308279.0,13.0,0.0,21.0,0.0
35.0,33397.0,9.0,0.0,35.0,1.0
44.0,224658.0,9.0,0.0,45.0,0.0
23.0,26248.0,9.0,0.0,40.0,1.0
34.0,236415.0,10.0,0.0,18.0,1.0
39.0,157443.0,14.0,3464.0,40.0,1.0
20.0,194096.0,10.0,0.0,40.0,1.0
48.0,83444.0,9.0,7298.0,40.0,0.0
40.0,311534.0,9.0,0.0,40.0,0.0
55.0,145401.0,13.0,0.0,40.0,0.0
46.0,297759.0,10.0,0.0,40.0,1.0
19.0,140459.0,7.0,0.0,25.0,0.0
50.0,105010.0,9.0,0.0,20.0,0.0
30.0,87561.0,12.0,0.0,40.0,1.0
69.0,228921.0,13.0,0.0,40.0,0.0
44.0,205706.0,9.0,0.0,40.0,1.0
33.0,99309.0,10.0,0.0,50.0,0.0
28.0,210498.0,9.0,0.0,40.0,0.0
55.0,238216.0,9.0,0.0,40.0,0.0
23.0,129767.0,10.0,0.0,40.0,1.0
51.0,108233.0,12.0,0.0,40.0,1.0
29.0,322238.0,9.0,0.0,40.0,0.0
37.0,448337.0,9.0,0.0,40.0,1.0
54.0,148657.0,1.0,0.0,40.0,1.0
46.0,31432.0,9.0,3103.0,52.0,1.0
57.0,337895.0,13.0,0.0,40.0,0.0
51.0,206775.0,10.0,0.0,50.0,0.0
42.0,190786.0,11.0,0.0,40.0,0.0
40.0,188436.0,9.0,0.0,40.0,0.0
25.0,221757.0,9.0,3325.0,45.0,0.0
36.0,106297.0,14.0,0.0,40.0,0.0
60.0,143932.0,14.0,0.0,40.0,0.0
24.0,206827.0,10.0,5060.0,30.0,1.0
23.0,184589.0,13.0,0.0,21.0,1.0
49.0,213140.0,9.0,0.0,60.0,0.0
36.0,242713.0,9.0,0.0,40.0,1.0
47.0,158451.0,10.0,0.0,45.0,1.0
34.0,232475.0,10.0,0.0,50.0,0.0
66.0,157942.0,9.0,0.0,40.0,1.0
33.0,37070.0,14.0,0.0,60.0,0.0
41.0,182108.0,14.0,27828.0,35.0,1.0
55.0,113912.0,11.0,0.0,20.0,1.0
32.0,119124.0,13.0,0.0,40.0,0.0
50.0,163002.0,9.0,0.0,40.0,1.0
59.0,61298.0,13.0,0.0,40.0,1.0
28.0,198393.0,9.0,0.0,40.0,1.0
43.0,273230.0,10.0,0.0,50.0,0.0
36.0,111268.0,12.0,0.0,40.0,1.0
37.0,134367.0,13.0,0.0,37.0,1.0
27.0,153805.0,10.0,0.0,50.0,0.0
34.0,114973.0,9.0,0.0,30.0,1.0
37.0,196529.0,14.0,0.0,45.0,1.0
29.0,222249.0,9.0,0.0,40.0,1.0
27.0,279608.0,3.0,0.0,40.0,0.0
41.0,170866.0,13.0,0.0,50.0,0.0
38.0,198216.0,10.0,0.0,40.0,1.0
20.0,210474.0,10.0,0.0,15.0,1.0
28.0,111520.0,7.0,0.0,40.0,1.0
45.0,203322.0,10.0,0.0,38.0,1.0
48.0,167159.0,11.0,0.0,40.0,0.0
22.0,260594.0,7.0,0.0,25.0,1.0
40.0,198270.0,10.0,0.0,40.0,1.0
18.0,301867.0,9.0,0.0,20.0,1.0
51.0,153870.0,9.0,0.0,40.0,0.0
24.0,147253.0,10.0,0.0,50.0,0.0
61.0,197286.0,4.0,0.0,40.0,0.0
40.0,397346.0,12.0,0.0,40.0,0.0
36.0,350783.0,9.0,0.0,38.0,1.0
52.0,282674.0,9.0,0.0,40.0,0.0
26.0,172063.0,10.0,0.0,24.0,1.0
27.0,191822.0,9.0,0.0,50.0,1.0
28.0,31493.0,13.0,0.0,40.0,0.0
21.0,102942.0,10.0,0.0,40.0,1.0
51.0,210940.0,9.0,0.0,45.0,0.0
24.0,327518.0,11.0,0.0,45.0,0.0
24.0,141040.0,10.0,0.0,40.0,1.0
23.0,478994.0,10.0,0.0,40.0,1.0
19.0,331556.0,6.0,0.0,40.0,1.0
68.0,140282.0,4.0,0.0,8.0,0.0
45.0,462440.0,7.0,0.0,20.0,1.0
46.0,312015.0,9.0,0.0,40.0,1.0
51.0,219599.0,9.0,0.0,40.0,1.0
21.0,60639.0,10.0,0.0,37.0,1.0
90.0,313749.0,13.0,0.0,10.0,1.0
28.0,99478.0,9.0,0.0,40.0,0.0
22.0,297380.0,9.0,0.0,40.0,1.0
36.0,143385.0,9.0,0.0,40.0,0.0
46.0,201217.0,9.0,0.0,40.0,1.0
17.0,166290.0,5.0,0.0,20.0,1.0
41.0,145220.0,5.0,0.0,40.0,1.0
53.0,340723.0,15.0,0.0,40.0,1.0
24.0,219519.0,10.0,0.0,40.0,1.0
30.0,149568.0,5.0,0.0,40.0,0.0
55.0,124975.0,9.0,27828.0,55.0,0.0
29.0,405083.0,9.0,0.0,40.0,0.0
41.0,317539.0,10.0,0.0,40.0,0.0
24.0,122272.0,13.0,0.0,40.0,1.0
35.0,194960.0,9.0,0.0,40.0,0.0
38.0,269318.0,10.0,7298.0,40.0,0.0
45.0,166181.0,9.0,0.0,40.0,1.0
24.0,159580.0,13.0,0.0,75.0,1.0
57.0,170066.0,9.0,0.0,25.0,0.0
60.0,120067.0,5.0,0.0,45.0,0.0
41.0,359696.0,13.0,15024.0,60.0,0.0
27.0,85251.0,10.0,0.0,45.0,0.0
32.0,100662.0,5.0,0.0,40.0,1.0
26.0,323044.0,10.0,0.0,45.0,0.0
54.0,39493.0,11.0,0.0,20.0,0.0
50.0,128478.0,9.0,0.0,60.0,0.0
41.0,145441.0,14.0,0.0,50.0,0.0
43.0,387839.0,9.0,0.0,40.0,1.0
17.0,86786.0,6.0,0.0,40.0,1.0
58.0,94741.0,8.0,0.0,24.0,1.0
52.0,154342.0,9.0,0.0,48.0,0.0
45.0,162187.0,9.0,0.0,40.0,0.0
46.0,216164.0,9.0,0.0,40.0,0.0
51.0,348099.0,9.0,0.0,40.0,1.0
27.0,262478.0,9.0,0.0,30.0,0.0
58.0,256274.0,9.0,0.0,40.0,1.0
24.0,154373.0,9.0,0.0,25.0,1.0
27.0,124680.0,14.0,0.0,40.0,1.0
47.0,141511.0,16.0,0.0,60.0,0.0
43.0,238287.0,6.0,0.0,40.0,0.0
21.0,77759.0,10.0,0.0,15.0,1.0
30.0,23778.0,4.0,0.0,40.0,0.0
48.0,355320.0,13.0,0.0,45.0,0.0
36.0,188236.0,9.0,0.0,40.0,1.0
36.0,531055.0,9.0,0.0,48.0,0.0
70.0,405362.0,4.0,0.0,38.0,1.0
38.0,215419.0,9.0,0.0,36.0,1.0
19.0,43887.0,9.0,0.0,10.0,0.0
36.0,22494.0,10.0,0.0,40.0,1.0
41.0,340682.0,9.0,0.0,40.0,1.0
34.0,159322.0,13.0,0.0,50.0,0.0
31.0,31600.0,13.0,0.0,40.0,1.0
70.0,174032.0,9.0,0.0,40.0,0.0
30.0,144593.0,9.0,0.0,40.0,0.0
18.0,152545.0,9.0,0.0,8.0,1.0
25.0,344804.0,9.0,0.0,50.0,0.0
67.0,182581.0,10.0,20051.0,20.0,0.0
23.0,336360.0,4.0,0.0,40.0,0.0
36.0,166697.0,13.0,0.0,40.0,1.0
22.0,255252.0,9.0,0.0,40.0,0.0
65.0,264188.0,9.0,0.0,24.0,1.0
36.0,317040.0,11.0,0.0,54.0,1.0
18.0,135315.0,5.0,0.0,32.0,1.0
39.0,67433.0,13.0,0.0,40.0,1.0
26.0,358975.0,10.0,0.0,50.0,1.0
51.0,172493.0,10.0,0.0,12.0,1.0
68.0,145638.0,10.0,0.0,40.0,1.0
36.0,166304.0,9.0,0.0,33.0,0.0
22.0,185452.0,13.0,0.0,40.0,1.0
18.0,283637.0,10.0,0.0,40.0,0.0
55.0,173090.0,14.0,0.0,45.0,1.0
63.0,80572.0,13.0,0.0,40.0,0.0
43.0,197810.0,14.0,0.0,40.0,1.0
47.0,99549.0,10.0,0.0,40.0,1.0
67.0,184506.0,7.0,0.0,3.0,0.0
49.0,168232.0,9.0,0.0,40.0,0.0
19.0,192773.0,10.0,0.0,35.0,1.0
25.0,73895.0,9.0,0.0,10.0,1.0
45.0,191776.0,14.0,0.0,40.0,1.0
20.0,50648.0,9.0,0.0,35.0,0.0
27.0,318639.0,6.0,0.0,60.0,0.0
47.0,107682.0,9.0,0.0,48.0,1.0
42.0,195821.0,9.0,0.0,40.0,1.0
49.0,323798.0,10.0,3325.0,50.0,0.0
18.0,395026.0,7.0,0.0,12.0,0.0
23.0,193090.0,10.0,3674.0,40.0,1.0
39.0,193689.0,9.0,0.0,65.0,0.0
28.0,183445.0,9.0,0.0,70.0,1.0
66.0,376506.0,16.0,3273.0,40.0,1.0
23.0,353696.0,9.0,0.0,40.0,0.0
20.0,62865.0,9.0,0.0,45.0,1.0
28.0,47168.0,6.0,0.0,40.0,1.0
20.0,381357.0,5.0,0.0,28.0,0.0
21.0,442131.0,9.0,0.0,40.0,1.0
30.0,124187.0,9.0,0.0,60.0,0.0
29.0,197288.0,9.0,0.0,40.0,1.0
28.0,129460.0,11.0,0.0,30.0,1.0
59.0,159724.0,14.0,7298.0,55.0,0.0
42.0,224203.0,10.0,0.0,40.0,1.0
60.0,106282.0,5.0,0.0,40.0,1.0
47.0,97176.0,9.0,0.0,40.0,1.0
50.0,462966.0,6.0,0.0,8.0,0.0
43.0,137126.0,10.0,0.0,40.0,0.0
44.0,210527.0,10.0,0.0,40.0,1.0
26.0,33610.0,9.0,0.0,40.0,0.0
34.0,133861.0,9.0,0.0,25.0,0.0
32.0,272944.0,10.0,0.0,40.0,1.0
36.0,32334.0,11.0,0.0,50.0,1.0
41.0,396467.0,12.0,0.0,50.0,0.0
56.0,250873.0,7.0,0.0,45.0,0.0
20.0,196643.0,9.0,0.0,40.0,0.0
31.0,109917.0,4.0,0.0,40.0,1.0
25.0,262245.0,11.0,3418.0,40.0,1.0
25.0,182227.0,9.0,0.0,40.0,0.0
22.0,151991.0,10.0,0.0,20.0,0.0
20.0,131852.0,9.0,0.0,40.0,1.0
46.0,165953.0,13.0,0.0,45.0,0.0
18.0,193166.0,5.0,0.0,42.0,1.0
49.0,240841.0,4.0,0.0,35.0,1.0
34.0,98283.0,15.0,0.0,40.0,0.0
67.0,364862.0,9.0,0.0,30.0,1.0
32.0,53260.0,9.0,0.0,28.0,1.0
57.0,376230.0,14.0,99999.0,40.0,0.0
23.0,189832.0,12.0,0.0,40.0,1.0
40.0,195488.0,9.0,0.0,45.0,1.0
48.0,149640.0,9.0,0.0,40.0,0.0
65.0,176796.0,16.0,0.0,40.0,1.0
39.0,236136.0,11.0,0.0,40.0,1.0
21.0,479482.0,10.0,0.0,40.0,1.0
29.0,244721.0,13.0,0.0,35.0,0.0
57.0,253914.0,2.0,0.0,35.0,0.0
60.0,93272.0,4.0,0.0,60.0,0.0
32.0,183356.0,9.0,0.0,40.0,0.0
34.0,90415.0,11.0,0.0,40.0,0.0
43.0,557349.0,6.0,0.0,40.0,0.0
29.0,1268339.0,9.0,0.0,40.0,0.0
41.0,288568.0,9.0,0.0,40.0,0.0
23.0,234970.0,10.0,0.0,40.0,1.0
24.0,127647.0,10.0,0.0,35.0,1.0
19.0,439779.0,10.0,0.0,15.0,0.0
22.0,341610.0,10.0,0.0,35.0,0.0
39.0,141802.0,10.0,0.0,40.0,1.0
20.0,195767.0,9.0,0.0,40.0,0.0
29.0,116613.0,13.0,0.0,40.0,1.0
35.0,183800.0,13.0,0.0,40.0,0.0
33.0,182792.0,9.0,0.0,40.0,1.0
19.0,43285.0,10.0,0.0,20.0,1.0
57.0,158077.0,13.0,0.0,40.0,1.0
30.0,373213.0,11.0,0.0,40.0,1.0
30.0,242122.0,9.0,0.0,40.0,1.0
33.0,174171.0,10.0,0.0,12.0,0.0
28.0,259840.0,13.0,0.0,60.0,0.0
22.0,62865.0,12.0,0.0,40.0,1.0
51.0,240988.0,7.0,0.0,40.0,0.0
62.0,203126.0,5.0,0.0,40.0,1.0
39.0,219483.0,13.0,5013.0,32.0,1.0
72.0,94242.0,10.0,0.0,16.0,1.0
31.0,113838.0,13.0,0.0,50.0,0.0
56.0,133819.0,9.0,0.0,40.0,1.0
57.0,108426.0,9.0,0.0,48.0,0.0
37.0,379522.0,13.0,0.0,55.0,0.0
72.0,28929.0,7.0,0.0,24.0,1.0
19.0,544091.0,9.0,0.0,25.0,1.0
