5,4.7941966,4.0149183,1
5,-3.516873,24.187916,0
4,18.259169,-15.003458,1
4,-0.83094835,-17.363907,1
4,46.51518,-18.571764,0
6,0.80097675,-51.374622,0
1,-44.524895,-15.345857,0
1,-27.204739,-6.0685167,0
2,-21.665827,40.26804,1
2,-4.7133813,55.018673,1
4,22.173988,-9.664154,1
1,-41.231354,24.406185,0
3,-2.495258,-52.188255,0
2,-31.697092,32.792538,0
4,49.449184,14.7880535,1
3,-0.4096376,-51.637417,0
2,-14.043793,45.896175,1
5,-7.1911063,21.030088,0
1,-51.3076,-8.604823,0
1,-47.576054,-13.492238,1
2,-11.543477,47.836887,0
4,26.68579,-1.6515397,1
4,38.009926,13.913004,1
4,-8.041085,-12.310713,1
4,47.084625,15.231337,1
4,-5.71196,-22.857843,1
2,-5.788584,53.186974,0
1,-53.626415,-0.30947107,1
4,-2.94776,-4.134235,1
4,13.225294,-19.664623,0
4,54.204735,7.162334,1
6,4.922746,-50.13319,0
4,19.877983,-43.96341,1
2,-27.621496,36.169815,1
2,-21.479542,40.412483,0
4,-0.011609493,-16.214142,1
2,-29.539455,34.496,1
1,-28.522524,-7.741088,0
2,-21.304499,4.4833064,0
1,-52.343918,7.9446244,0
1,-38.132915,-9.16615,0
2,-16.117144,44.277348,1
3,-9.269701,-54.22336,0
1,-49.846672,14.756277,1
4,49.700855,13.6187105,1
1,-28.096004,-6.7249293,1
4,21.556065,-10.68878,1
4,54.152855,-2.5639908,0
5,10.536422,10.115826,0
3,-9.460869,-54.127167,1
2,-5.1265516,54.471966,0
2,-22.855629,2.4011106,0
4,-8.093947,-12.69067,1
1,-52.859104,5.3725476,0
3,-8.917198,-53.49426,1
1,-45.088154,16.434086,0
4,40.95227,15.166062,1
5,3.7519367,22.02599,0
5,12.921181,14.893696,0
1,-35.794163,-15.058167,1
5,12.017263,22.762089,0
4,54.310635,-1.4753234,1
4,-5.156724,-6.9918294,1
1,-43.096344,21.193302,1
2,-15.55006,44.72617,0
4,20.700478,-11.804844,0
4,30.944422,5.6173263,0
4,-2.4125686,-3.5453262,0
4,-2.7892866,-3.9647112,1
2,-8.59068,50.75414,0
1,-28.951601,-8.407654,0
4,23.094719,-7.642343,1
6,11.42696,-48.00328,1
4,26.651081,-2.400667,0
4,3.4121113,2.391911,1
4,54.170837,6.6567783,1
4,-7.96066,-13.354651,1
4,41.547485,15.29616,0
4,3.1488113,2.1614609,1
4,-1.6824127,-2.7379785,0
2,-24.417706,38.206062,0
4,54.701447,2.004239,1
4,54.6619,4.4674335,1
2,-29.21888,34.73219,1
4,-7.289268,-21.074278,1
2,-15.8491535,12.070205,1
2,-8.373685,50.456306,0
2,-15.174369,12.868957,0
4,52.364223,-8.428352,0
4,53.46664,-4.8236666,0
4,-7.8500977,-19.576841,0
3,-3.8969784,-52.60732,0
5,12.704367,14.169131,0
4,27.506989,-38.333035,1
2,-5.988503,56.451584,0
4,30.759018,4.9111614,0
1,-43.521664,22.276373,1
1,-45.035023,20.648405,1
2,-26.620407,36.40268,0
5,10.154223,9.588839,0
5,-7.3062496,21.46094,1
2,-35.02714,29.097948,1
2,-18.721073,8.236919,1
1,-38.364357,-9.211566,0
2,-6.278569,53.48941,0
4,23.54386,-7.8432,0
2,-31.65729,32.838432,1
1,-40.5991,-16.503296,0
1,-44.43342,-15.878015,0
2,-38.702778,26.766722,0
2,-9.704063,49.44432,0
5,13.517612,19.022337,0
4,1.2394183,0.30604416,0
4,31.274002,5.478088,1
4,15.044766,-17.791935,0
4,-4.798451,-23.525127,1
2,-6.833291,52.36619,0
2,-29.37652,34.596176,0
4,19.4678,-13.646333,1
4,24.395895,-40.71923,0
1,-39.951805,-16.583138,0
4,24.229372,-6.236492,1
1,-48.833996,-12.403632,0
4,34.09029,7.11898,1
6,4.8690915,-50.482605,1
5,-7.264578,20.934465,1
1,-34.34543,-14.014451,0
1,-48.37609,16.555225,1
1,-37.260822,-9.985096,0
4,54.49499,6.778158,0
1,-31.992739,-11.380235,0
2,-7.7353377,51.44172,1
4,-4.7101645,-6.4158993,1
4,38.342907,14.0894375,1
4,50.556545,-12.272152,0
4,1.7439619,-25.429804,0
2,-22.200228,2.7800167,1
3,-0.7264053,-51.63543,1
1,-53.143276,4.623962,0
4,-5.4528403,-7.7776237,1
4,11.685836,-20.923136,0
5,-6.6609807,21.631563,0
4,49.39969,13.78385,0
4,-7.5970035,-20.005524,0
4,31.104258,5.2020826,0
4,52.639442,10.397876,0
4,43.099525,15.465812,0
4,29.974113,3.6362538,0
4,34.1504,7.204879,1
4,45.73445,-19.511944,0
4,51.306366,-11.073707,1
2,-30.416628,33.840374,0
4,36.87425,-30.35875,0
4,49.57592,-14.089359,0
5,6.991379,26.583569,0
4,6.8678803,-23.901749,1
4,21.235378,-42.854824,0
2,-12.578465,15.652551,1
4,-2.117938,-24.637781,1
4,42.285683,-24.008392,1
1,-40.493404,-9.667545,1
4,31.975704,6.9202156,0
2,-11.207181,17.438414,0
1,-40.884487,24.913548,1
3,-8.728585,-53.846703,1
1,-46.996204,18.310564,1
5,3.0250063,21.229979,1
4,21.440105,-42.699078,1
5,3.8777668,21.990232,0
4,17.574636,-8.814047,0
2,-20.163292,7.339291,0
4,31.353363,-35.43677,0
4,22.86823,-7.990834,1
1,-26.945446,-5.12453,0
6,4.0384116,-50.566097,0
2,-21.785961,3.730898,0
2,-35.770283,29.535028,0
4,13.969165,-19.052773,1
1,-53.30967,-0.06352569,1
6,13.587427,-46.44964,1
1,-50.07216,13.636375,1
7,40.301487,-26.813538,0
4,0.64292777,-0.16698407,0
3,-14.112676,-55.27239,1
2,-23.042753,1.7592382,0
1,-28.22422,-7.010984,1
4,27.331257,-1.465394,0
1,-51.413036,11.067048,1
1,-53.618134,0.3673301,0
1,-52.637,6.477969,0
3,-9.645611,-54.165493,1
5,8.952758,8.168082,0
1,-41.37486,-16.243692,1
3,-9.416353,-53.60435,0
4,51.409454,-10.740656,0
1,-52.9058,6.5421014,1
4,28.403347,0.87495774,0
2,-27.934002,35.83954,1
1,-35.778015,-15.700574,1
5,4.293969,3.3638992,0
4,23.330498,-7.5181093,0
5,-0.569415,25.746082,1
1,-47.091022,18.122766,1
4,54.693264,3.656873,0
4,0.9458884,-25.31623,1
1,-53.25976,-2.2674947,0
1,-38.48599,-16.113308,0
4,22.689987,-8.823014,1
4,17.103548,-16.211939,1
1,-26.354267,-4.0804505,1
1,-51.111927,-9.018065,1
5,5.2632174,26.972235,1
4,42.58448,-23.598873,0
6,10.388912,-48.401997,1
4,22.151901,-9.701968,1
4,20.534851,-12.738669,0
2,-27.816404,35.596443,0
4,27.983583,-37.843292,0
4,-6.7999244,-9.765296,1
2,-34.08303,30.80524,1
6,13.893546,-47.194935,0
5,3.3197672,27.02624,1
2,-25.67718,36.936165,1
5,2.4177048,26.847181,1
4,54.609238,-0.8937047,1
7,32.90997,-34.16683,1
4,51.63877,11.741574,1
4,11.232964,-21.221992,1
2,-35.646973,29.618061,0
4,-5.7535176,-7.5894966,1
2,-18.055687,42.66291,0
1,-42.135838,-16.119484,0
2,-1.8326902,58.624943,1
4,52.72758,10.217374,0
3,-2.884262,-52.29452,0
2,-27.606262,36.180027,1
4,26.017462,-3.243845,0
3,-12.262183,-54.672905,0
6,7.2254205,-49.56435,0
2,-17.480354,9.808977,1
4,1.2824162,0.40646544,1
5,7.0763907,26.849403,0
5,0.56599206,26.274963,1
3,-2.528253,-52.15419,1
5,5.828408,26.903883,1
4,8.901938,-22.742233,1
4,23.505386,-7.9695177,1
6,10.436326,-48.393055,1
2,-18.65259,7.738651,0
4,28.036411,-38.29296,1
1,-31.246544,-11.496875,1
4,54.02421,-3.097379,0
4,-7.9480305,-18.816587,1
5,12.43817,13.160143,1
2,-20.09294,41.571674,1
5,13.4161,19.39185,0
1,-49.265163,14.538922,0
2,-16.848055,41.44059,0
2,-33.13765,31.414438,1
3,-6.097571,-53.07817,0
2,-25.04559,37.785984,0
1,-39.748215,25.938818,0
6,11.531682,-47.961853,0
1,-31.795843,-12.090848,0
1,-29.56965,-9.620366,1
1,-49.060387,-10.343965,1
5,-8.839739,19.776459,1
5,4.925934,3.5409873,0
4,23.510065,-7.5697656,1
4,54.37958,-1.7922171,1
2,-17.863878,42.75995,1
1,-48.89662,-12.357279,1
4,46.120934,15.046705,0
4,7.3883395,-23.643131,0
4,-8.298448,-13.519126,0
5,-3.1990585,24.351389,0
4,18.433453,-44.526844,1
5,4.340102,3.2704663,1
2,-32.659504,31.94017,1
6,6.474418,-49.774616,1
2,-21.239695,4.6336594,0
2,-4.6491394,55.118748,0
4,31.98484,7.2070074,0
4,-8.07872,-12.651871,1
4,32.667328,8.032154,0
4,-7.653444,-12.220562,0
4,51.199493,-8.7198925,1
5,2.9232333,26.949738,1
2,-24.277992,-0.38882485,1
4,40.08264,14.771305,0
2,-23.472807,1.0162004,0
1,-44.14281,14.563266,0
1,-38.42282,-11.187196,0
4,-8.041089,-12.310712,1
5,10.036206,25.11318,1
1,-39.152805,-9.349905,0
1,-36.403072,-8.302649,0
1,-52.688717,7.3932276,1
4,53.711304,-4.8868756,1
4,53.153614,9.495353,0
4,50.81849,-12.1565075,1
1,-52.06064,0.2848967,0
1,-53.106094,4.8973193,1
4,54.626926,4.950437,0
4,-5.8972716,-22.717503,1
1,-51.1467,-9.743976,0
4,27.028147,-1.0169096,1
5,4.0929136,27.107798,0
5,2.5938134,21.143686,0
4,27.32951,-1.4635398,0
1,-46.501625,19.095797,1
2,-16.52134,10.900763,0
2,-33.634125,31.161861,0
2,-13.717446,14.378499,1
2,-9.358628,49.800976,0
4,55.914536,0.5278562,0
7,40.105446,-27.024797,1
1,-29.510235,-9.272841,1
4,16.468378,-9.552682,0
4,-1.2003124,-2.2215612,0
5,9.930168,25.196335,1
5,10.565957,24.644907,0
1,-36.89821,-15.600587,0
4,21.117786,-11.41342,0
1,-53.027866,-3.6261706,1
2,-16.7814,11.235168,1
4,27.080538,-1.9368613,1
4,50.13523,13.295468,0
5,-6.882284,21.794743,0
1,-45.377823,20.288206,0
2,-30.11506,34.069134,1
2,-28.881702,35.008,1
4,29.540043,2.8673408,1
1,-51.938934,-7.2966285,1
6,12.195082,-47.75485,1
2,-20.04912,41.12491,0
2,-34.74841,30.231955,1
2,-34.18501,30.721083,1
4,3.7974756,2.752235,0
2,-25.827274,37.4149,1
2,-23.918522,0.23177134,0
4,-2.6651647,-24.966179,0
4,-0.9515901,-17.427511,1
5,-8.357091,20.466843,1
5,6.8681993,5.848622,1
4,10.967238,-21.6961,0
6,13.615369,-46.556934,0
2,-18.016466,43.123,1
4,54.53407,6.256546,0
1,-42.168446,-16.618288,1
5,-0.1699144,25.935127,0
5,10.661062,24.549736,1
2,-37.636818,27.695118,0
4,1.8272485,-13.19203,0
4,21.087257,-11.476975,1
5,-7.592238,20.938482,0
5,12.701529,21.446932,0
1,-44.150085,14.645634,0
2,-22.657885,2.811564,1
4,-3.147652,-4.385922,0
5,2.7029552,21.168955,0
2,-14.340923,13.822141,1
4,0.24187803,-0.41099837,0
1,-34.32623,-14.660859,1
4,29.628252,3.0267856,1
2,-11.042139,56.866585,0
2,-19.036486,7.543091,1
4,48.144844,14.563247,1
1,-49.343475,15.070121,1
5,10.883151,10.578597,1
4,-5.708385,-7.48466,0
4,29.038668,-37.249348,1
6,1.3127215,-51.208637,1
1,-53.666313,-0.92417914,1
4,42.84016,15.457807,0
4,48.90557,-15.301088,1
1,-51.52169,10.290502,0
3,-13.758305,-55.16219,0
2,-22.528954,2.2841754,0
1,-32.270832,-12.527414,0
5,12.836368,21.159636,0
4,23.582405,-7.2915206,0
4,38.540813,14.1980095,0
1,-53.220615,4.1027145,1
2,-35.576435,29.600147,1
1,-30.675634,-10.78432,1
4,-7.2344465,-10.816222,0
2,-36.558586,28.662516,1
3,-1.1739897,-51.9737,1
4,-8.514969,-18.737453,0
1,-29.863459,-9.614811,1
5,-0.8291025,25.61534,0
2,-6.328583,56.63176,0
4,50.697853,12.772808,1
2,-36.048767,29.296202,0
4,53.153538,9.485825,0
1,-40.57976,-9.587009,1
1,-40.502342,-9.662438,0
4,3.075541,-25.002398,1
1,-44.49798,21.23351,1
1,-43.147255,22.662973,1
4,7.878323,-23.414211,1
5,12.250433,13.237257,1
4,36.603336,12.950659,0
4,25.855083,-3.4819698,0
4,28.238495,-38.01838,0
2,-31.175203,33.235455,0
4,32.342777,7.201955,1
4,-0.19445671,-1.1210911,1
2,-6.086968,52.941742,0
2,-17.591688,10.238882,1
2,-0.8074747,59.406208,0
4,-7.463464,-20.538473,1
1,-45.29383,-15.466238,1
2,-36.698704,28.53668,1
1,-52.36379,-6.4321795,0
1,-51.115025,10.841701,0
2,-7.9956355,51.029503,0
1,-44.54633,-15.910655,1
4,20.318943,-12.064036,1
1,-51.931637,9.151013,1
1,-53.60643,0.8841871,0
2,-30.93218,33.42458,0
1,-50.219807,3.8761778,0
1,-27.188982,-5.400293,1
5,6.1365423,4.638314,0
2,-10.697967,48.54151,1
4,23.146063,-41.49688,0
2,-20.997107,8.981119,1
4,-1.318278,-25.085659,0
2,-11.718081,16.811737,0
4,28.921986,-37.453274,1
1,-36.194996,-8.952051,0
4,-6.576581,-21.9755,0
4,35.069202,11.335346,0
4,-0.67300606,-17.635315,0
2,-15.511371,44.76112,1
1,-49.941795,-11.290416,1
1,-44.33475,-15.680634,1
4,54.673904,4.3472013,1
4,55.779232,0.6179386,0
4,46.26218,-19.550163,1
2,-18.306421,8.936432,0
5,6.4289107,26.750544,1
4,-6.0631995,-8.50672,1
4,24.042671,-6.563673,0
2,-30.382198,33.865433,1
4,20.238998,-12.156077,1
2,-27.233994,36.440407,1
1,-42.06686,23.863035,0
2,-25.370958,-2.0824208,0
1,-39.205536,-16.287912,1
4,37.44807,13.343411,1
4,45.90786,15.113432,0
6,15.849843,-46.020462,0
4,53.43351,9.005637,0
5,10.474785,17.170275,0
5,4.9751053,27.073986,0
5,10.89349,24.288736,1
1,-51.89744,9.283912,0
1,-44.39241,14.470811,0
4,48.136475,-16.608376,1
2,-0.5070757,60.172012,1
4,33.007786,8.622457,0
4,10.5073805,-22.123278,0
4,27.315351,-1.5141199,1
5,12.874361,20.816381,0
1,-49.580154,15.017739,1
6,13.956526,-47.125736,1
1,-34.244583,-14.585631,0
1,-47.757084,17.439466,1
5,10.684542,10.314997,1
6,5.325876,-50.412563,0
4,-6.317465,-22.504673,0
5,0.73731446,26.345455,0
4,28.903017,1.7835077,1
4,-6.7747326,-21.74393,1
5,12.594895,17.884476,1
2,-4.420404,55.4474,0
3,-5.312351,-52.90384,0
1,-30.574005,-10.669317,0
4,-6.0633144,-22.374628,0
4,25.20922,-4.589892,1
1,-37.79798,-15.91389,1
2,-25.31824,-2.0609052,1
2,-5.7424684,53.345676,1
5,3.786784,21.999445,0
4,-8.353956,-19.301273,0
4,31.126673,-35.6342,1
7,41.352543,-25.485668,0
4,-8.293048,-13.512195,0
2,-8.807977,50.324802,0
2,-3.271025,56.778538,1
1,-27.561766,-5.712206,1
2,-19.41368,42.081093,1
4,36.79336,13.232748,0
4,7.3836746,-23.648785,1
1,-43.457546,22.33023,1
5,6.0787334,4.5917206,1
2,-33.01477,31.76065,0
5,0.14847362,26.064217,1
5,-8.5130205,20.044523,1
4,34.569046,-32.267582,0
2,-33.26885,31.413572,1
4,44.81492,-21.094482,0
4,49.408978,-14.405695,0
2,-1.8308257,58.61094,0
2,-4.303299,55.617886,0
3,-10.012021,-54.154915,0
2,-21.941504,3.4915736,1
1,-28.374937,-7.4740243,1
4,-8.249061,-18.389465,1
1,-52.448105,7.10818,0
6,13.860422,-47.21491,0
1,-42.526703,23.265907,0
7,35.704773,-30.639471,0
1,-40.5991,-16.503296,0
1,-41.825306,23.885492,0
4,3.3079875,2.301785,0
2,-16.135912,11.556733,1
1,-28.11122,-6.677471,1
2,-35.131874,29.153286,1
2,-18.398684,8.831649,1
4,15.308235,-17.587605,0
4,8.453769,-23.288713,0
4,0.17070778,0.97161037,0
4,15.841216,-17.169416,1
4,10.417355,-22.183498,0
6,4.081423,-50.561954,1
7,38.492893,-28.766829,1
1,-53.03001,0.8382926,1
3,-0.25314358,-51.671143,1
2,-2.4471076,57.551468,0
2,-18.81577,8.107416,1
4,50.586105,12.886386,0
5,11.582533,23.455679,1
1,-45.4254,-15.215002,0
1,-51.404713,11.072946,0
5,6.162746,4.745791,1
2,-12.864858,15.870309,0
4,20.625452,-12.64439,0
3,-12.147569,-54.640076,0
7,41.202595,-25.561245,0
1,-53.297756,-2.3195677,1
4,-0.52753186,-25.18481,1
4,45.668163,15.533148,1
4,-2.2176683,-3.3199635,1
5,-8.230896,20.715902,1
4,35.325043,11.547944,1
4,29.209675,2.3021276,0
3,-7.1828055,-53.3404,0
1,-49.99096,-11.201579,0
1,-53.061428,-1.1926979,1
1,-53.606525,0.8842317,0
1,-47.904907,17.255232,1
1,-49.27192,14.636593,1
2,-23.91853,0.23176579,0
5,10.207549,24.96101,1
3,-12.843714,-54.89563,0
4,47.189186,14.968145,1
4,1.4978151,0.68508536,0
1,-34.99033,-14.712583,1
2,-29.829905,35.525257,0
4,43.627026,-22.595367,1
1,-27.650953,-5.847439,0
4,30.297085,4.183564,0
4,21.621958,-42.58617,1
3,-11.2365675,-54.349598,0
1,-26.116266,-3.6467319,1
4,-2.6481822,-24.51398,0
5,13.290043,16.431055,0
4,15.044041,-17.787804,0
5,8.005881,10.693855,0
2,-20.695923,40.960285,1
4,19.593534,-43.5993,1
4,54.625572,1.0391073,1
5,11.832309,23.043509,0
1,-51.249447,11.350638,1
1,-51.604107,-8.554962,1
4,27.644741,-38.641907,0
4,26.812338,-38.709145,1
4,50.645157,-10.687632,0
4,2.8395078,-18.139208,0
1,-51.033676,-9.487528,0
4,54.162075,-2.5468798,0
1,-48.292866,-12.88541,0
4,29.209679,2.302136,0
1,-52.436604,7.7190332,1
5,11.916934,11.884464,1
2,-2.6323328,57.740097,1
3,-1.4342774,-51.67106,1
4,-7.5695453,-20.679289,0
1,-52.144703,-7.066895,1
6,2.7348917,-50.878025,0
1,-41.38116,24.472862,1
2,-11.862232,47.593678,0
2,-22.86707,2.2014577,0
1,-42.04709,23.852861,1
2,-32.39655,32.21915,1
4,5.099517,-24.637753,1
4,-1.6708797,-2.724765,1
1,-53.039234,5.903028,1
4,9.881922,-21.96924,0
4,15.989292,-17.623014,0
2,-19.035837,7.542673,1
4,-2.2589507,-25.093687,0
5,-1.0419747,25.52141,1
5,12.247755,12.280792,1
2,-6.8699603,52.682804,0
4,-8.338468,-15.227937,0
4,35.339684,11.759347,0
2,-35.826984,29.447247,0
4,49.028767,-15.092389,1
2,-15.016387,13.037389,0
4,52.24801,-8.821595,0
2,-31.211658,33.193577,0
4,19.125315,-14.039394,0
4,50.181572,13.169223,1
4,27.092215,-39.028812,1
4,34.210766,-32.94402,0
1,-48.786926,15.909153,1
1,-33.96535,-14.216886,0
4,24.521994,-5.763731,0
1,-50.80577,-9.446716,0
1,-39.026436,-16.240871,1
2,-5.803145,53.581234,0
4,36.81661,12.844389,1
6,2.7855294,-50.86716,0
1,-47.75986,17.519814,1
6,13.449579,-47.36663,0
4,8.20615,-23.000153,0
6,0.11117029,-50.98975,1
1,-51.628704,-8.611879,1
1,-36.535812,-15.429369,0
4,46.04389,-19.827066,0
4,-8.3708105,-14.07734,1
2,-25.066916,-1.7840643,0
5,-3.4499354,24.223951,0
6,11.860563,-47.84446,0
1,-39.46924,26.175823,1
4,53.634983,8.523487,0
4,12.057788,-20.6176,0
5,11.156337,23.981356,0
4,40.64872,15.10087,1
2,-12.22182,47.270508,0
2,-37.082325,28.213673,0
4,-3.885765,-5.317955,1
5,-8.972606,19.612955,0
2,-21.014248,40.774326,1
4,8.3472185,-22.890085,1
2,-16.48625,10.920518,1
2,-2.5012386,57.431293,1
4,-2.5730762,-3.7195837,1
2,-28.256632,35.44168,1
4,16.863821,-45.39068,0
2,-1.7639916,58.252403,1
2,-0.5216961,60.052753,0
7,32.276737,-34.69295,0
1,-34.76286,-14.18179,1
4,5.3848863,-24.5321,1
6,5.7656817,-50.32655,1
4,34.45877,-32.453205,0
2,-32.369366,32.260307,0
1,-53.22244,4.0877333,0
5,-4.05677,23.758612,1
4,-2.6768456,-24.962467,1
4,45.67321,-19.628265,0
1,-49.44211,-12.002883,0
4,41.94517,-24.5096,0
2,-17.933695,9.091767,0
4,33.388073,9.177258,0
4,52.40268,10.963259,1
2,-18.366632,42.60267,0
1,-52.112854,8.705719,0
4,53.357677,-4.9743724,0
4,25.070883,-4.824906,0
4,53.84384,-3.831424,1
3,-7.512937,-53.41323,1
4,49.637207,-13.611879,1
5,6.6630855,27.062403,0
5,-1.9053547,25.094292,1
4,23.296251,-8.31715,1
2,-14.031652,14.416365,1
7,38.645138,-28.585348,0
1,-46.799747,18.731825,1
3,-4.7391877,-52.942883,0
2,-1.4578433,58.46044,1
4,-5.43645,-7.7668915,0
1,-48.95296,-12.327752,1
2,-18.024666,9.034537,0
2,-13.389716,46.282585,1
5,1.8023633,26.6856,1
6,8.591926,-49.094563,0
2,-15.279851,12.713685,1
5,7.241628,6.2793813,0
4,32.47967,7.746243,1
2,-16.503164,44.00737,1
1,-41.259007,-16.630083,1
2,-19.547705,41.58068,0
7,40.96181,-25.76857,0
3,-3.7649348,-52.547493,0
1,-39.97236,-16.588884,0
1,-34.718697,-14.818001,1
4,27.156939,-38.569927,0
5,-4.9930177,23.374247,1
2,-35.90846,29.016127,0
1,-53.13201,5.489587,0
1,-32.310665,-12.570333,1
1,-43.82153,21.943783,1
4,11.635927,-20.972641,1
4,35.574642,-31.643423,1
4,4.0522046,2.9855409,1
5,1.1397086,26.263111,0
4,2.4790716,-25.044638,0
2,-12.370051,16.173529,0
4,8.56159,-23.24059,1
1,-26.609894,-4.5102024,1
2,-12.642731,47.002285,0
4,45.89717,-19.33049,1
4,47.007114,14.891624,0
2,-3.9141145,56.112762,0
4,52.95565,9.855063,1
4,26.48808,-39.417973,1
5,12.610685,13.87088,1
4,26.287048,-39.18636,0
5,8.45228,7.600815,0
6,15.249061,-46.473816,1
5,4.750428,3.966949,0
2,-18.016348,43.123264,1
4,-5.1986046,-5.415623,1
5,-4.924453,23.055412,1
7,41.20717,-25.697128,0
1,-45.57085,20.075712,0
4,39.46083,14.675283,0
5,11.685584,23.25835,1
5,-7.914045,20.270615,0
4,3.4676883,-25.302176,1
2,-29.250896,34.69628,0
4,33.64065,9.46532,1
1,-45.43934,20.215015,0
5,-2.2852595,24.88874,1
4,51.94844,7.1079116,0
2,-20.081268,6.2432265,0
4,27.52301,-0.63569224,1
3,-1.8176957,-51.811028,1
6,12.64444,-47.383698,0
2,-19.102757,42.218613,0
4,46.178097,-14.844076,1
5,13.093114,15.537206,1
4,18.259153,-15.003462,1
4,54.656,4.2897787,0
5,1.1397479,26.263035,0
2,-23.176054,1.5224785,1
1,-27.08538,-5.6689515,0
4,15.254519,-18.269018,1
1,-29.716536,-9.301861,0
4,35.79139,12.357868,0
1,-41.145767,-16.470148,0
4,2.4677024,-25.462843,0
1,-47.01401,18.531502,0
1,-51.127594,10.831935,1
4,36.871647,-30.362171,1
2,-21.93246,40.051346,1
4,-2.2036977,-24.605114,1
2,-22.64139,4.6424084,0
4,51.5785,11.827387,0
4,30.69825,-35.975266,1
3,-2.0408537,-52.211548,0
4,14.87675,-18.309597,1
6,12.883811,-44.94042,0
4,51.394054,12.021944,0
2,-25.59068,-2.9218252,1
2,-13.686209,46.188496,0
1,-53.420647,0.5737703,1
1,-50.1253,13.531601,1
1,-48.914932,15.694529,0
4,53.48783,9.029205,0
5,11.995839,11.903706,0
6,15.212364,-46.393562,0
4,54.693504,-0.5892277,1
4,2.6134646,-18.102077,0
1,-49.69043,-11.431291,0
4,45.90578,-15.386152,0
4,49.515137,-14.321388,0
4,37.005867,13.386262,0
4,-8.345148,-15.508945,1
4,11.165726,-21.311823,0
4,45.93126,15.589679,1
4,34.446075,10.551128,0
5,4.7307277,27.121826,1
3,-13.132007,-54.962555,1
2,-34.93445,30.09875,1
4,35.93406,12.124751,0
1,-40.023804,25.687452,1
1,-37.62972,-8.991477,1
4,-6.4732227,-9.219188,0
6,13.498438,-47.356186,1
1,-32.804623,-13.0284605,1
6,3.3685014,-50.732384,0
4,24.33651,-40.753944,0
1,-43.11869,15.059745,0
1,-50.1928,3.6497726,1
4,-3.1011987,-4.340977,1
2,-26.027588,-3.4760914,0
4,1.8341165,0.98766726,1
1,-41.71062,-16.633572,1
4,54.691185,3.6993046,0
2,-11.807705,47.62899,1
5,12.121258,22.541624,0
4,2.5473585,-25.494719,1
4,-6.461159,-9.176297,0
4,35.8823,12.083073,1
2,-24.513056,-0.7954364,1
1,-40.099342,-16.282288,0
1,-41.470806,24.239702,0
1,-49.88529,14.687864,1
3,-13.033929,-54.955246,1
4,24.312487,-6.0941906,0
1,-35.763905,-15.810906,1
4,26.46677,-38.9668,0
2,-17.202488,43.369453,1
4,27.481586,-0.8382871,1
4,34.834084,-32.63327,1
4,-8.403506,-17.980026,1
4,46.53105,14.979071,1
1,-43.07555,-16.153093,1
1,-52.53434,-5.7465696,1
3,-8.429781,-53.60273,0
5,3.3197615,27.026258,1
4,53.70902,-5.0212126,1
6,11.188079,-48.095737,1
5,11.581242,11.968185,1
4,35.047707,-32.169212,0
5,4.520887,3.739437,0
1,-42.374546,-16.12651,1
1,-53.629543,-1.2787712,0
1,-45.902184,18.551836,1
1,-47.288506,18.257145,1
4,35.136917,-32.024574,0
1,-41.530685,-16.187069,0
4,48.183994,-16.541904,1
4,32.85882,-34.20791,0
5,8.387902,26.199335,1
4,50.1019,13.330261,0
2,-4.0004716,57.71197,0
4,49.476418,-13.829315,0
2,-28.461906,35.30978,1
2,-31.313736,33.083527,0
4,1.6334736,0.8081163,0
4,9.104613,-22.782583,1
4,12.944107,-19.90447,1
4,2.0939538,1.2145373,0
4,-6.256365,-10.193956,0
4,-3.413468,-24.398178,1
4,46.376217,15.5440235,0
2,-23.231583,1.4109023,0
2,-9.723131,49.435844,0
4,51.919407,11.433976,0
1,-53.65355,0.6638301,0
4,6.2799606,-24.161638,1
4,30.825945,5.45476,1
5,5.6387897,26.934475,0
4,14.847626,-18.336191,0
5,13.412025,17.179823,1
4,38.067535,-29.159815,1
3,-13.249766,-55.010063,0
5,-10.112924,18.074047,0
2,-3.945595,56.071995,0
4,32.390938,7.5760636,1
1,-43.7244,22.064877,0
1,-42.472443,-16.523563,0
4,14.853985,-18.20255,0
4,-8.153517,-14.140034,0
4,2.5428617,-18.026644,0
2,-21.682978,3.8716452,1
4,18.710377,-14.508904,1
5,-6.81331,21.417341,1
2,-18.732035,8.127424,0
1,-53.148685,5.4191465,0
4,32.98059,8.572623,1
1,-39.210384,23.987186,0
2,-29.145336,34.730885,0
5,12.155619,22.507774,0
4,-2.3729608,-3.4998732,0
5,9.515598,25.51794,1
4,16.06656,-17.258615,1
2,-22.12791,3.2411537,1
4,-1.006985,-2.0181096,0
2,-20.933065,9.194837,1
4,54.67448,4.177605,0
1,-34.963757,-14.67816,0
1,-51.04368,11.223752,0
4,40.8936,16.311598,0
4,40.1164,15.155827,0
4,49.98393,-13.370006,1
2,-26.235662,37.045628,1
4,-6.416583,-22.31489,1
5,4.6004367,3.3024971,1
4,50.72236,-10.764129,1
1,-50.86106,-10.102772,1
4,2.4544635,-1.1998659,1
4,-2.0927725,-25.109766,1
2,-33.650345,29.90554,0
4,48.4291,-16.146992,0
4,20.067293,-13.196115,0
6,12.330298,-47.571053,0
1,-39.67402,-16.31552,1
2,-2.8651934,57.169464,1
6,2.3353407,-50.97101,0
6,6.463956,-49.782345,1
5,-2.5685058,24.735498,0
6,13.189334,-47.2377,1
6,7.890405,-49.34571,1
2,-20.72857,9.421566,0
1,-27.691065,-6.0315776,1
6,12.951257,-47.586746,1
4,20.488935,-43.19915,0
4,30.390202,-36.225914,1
4,54.186874,-2.361874,1
4,-8.479038,-19.011564,0
4,40.428196,15.247902,1
4,25.45383,-4.169958,1
4,53.6578,8.4794235,0
4,29.785267,-36.708813,0
5,11.656519,23.305851,1
4,16.863783,-45.390705,0
5,-7.3487787,21.427244,0
2,-19.08111,7.4689293,0
4,48.036366,14.629015,0
7,40.9688,-26.16346,1
2,-16.384222,44.071888,1
2,-20.342894,41.376827,0
2,-26.342445,36.635345,0
3,-5.180128,-52.788315,0
6,5.137285,-50.454933,0
5,11.192061,23.937853,0
4,54.616398,0.9755869,0
2,-19.450779,41.69124,1
5,11.04659,24.104532,0
2,-37.173916,28.12151,0
4,42.916454,-23.265087,0
4,23.13185,-8.427642,0
2,-22.777449,2.0797994,0
1,-45.87124,19.74951,1
4,33.391914,-33.68837,1
4,-3.528168,-24.322065,1
4,-7.05236,-21.386724,1
5,8.378188,26.204512,0
7,40.507256,-26.567396,1
1,-27.44815,-6.437473,0
4,53.765965,-4.19704,1
6,7.169418,-49.573215,0
6,9.96514,-48.566715,0
4,28.39521,-38.027546,1
2,-33.373203,31.533962,1
1,-46.052364,19.566734,1
7,40.88805,-26.179012,1
6,7.6371636,-49.51264,0
2,-30.007313,34.150387,1
2,-13.059554,15.197713,1
2,-6.6624665,52.467007,1
4,20.528322,-43.44448,1
5,5.280693,4.536296,1
4,51.020107,12.444201,0
4,26.142157,-3.0818105,1
4,20.020254,-12.547904,0
4,-0.14938076,-25.223356,1
2,-4.299897,55.620922,1
5,-6.8327994,21.79495,1
5,9.921114,9.297208,1
4,23.53061,-42.31427,0
2,-2.2517354,57.850754,0
6,7.954973,-49.338154,0
4,37.00337,13.389657,0
5,-4.189572,23.717176,1
4,37.75819,13.764713,0
2,-39.2462,26.343048,0
7,39.504383,-25.911728,1
2,-24.74952,37.981434,1
4,43.16827,-23.65026,0
4,-6.224973,-8.754327,1
4,10.381631,-21.565866,1
2,-14.166245,14.075101,1
1,-52.317394,8.175998,0
5,6.2501526,5.181671,0
4,19.683165,-44.032,1
6,5.923454,-50.262287,0
4,37.660606,-25.396685,0
2,-9.572549,49.57904,1
5,11.719181,12.485284,1
4,15.638853,-17.883698,1
6,5.880294,-50.29644,0
1,-33.766613,-13.913154,0
1,-52.952057,0.9155327,1
4,31.482084,5.9199014,1
5,11.224214,11.111046,1
4,30.650402,4.7254834,0
4,31.275719,6.010925,1
4,22.88506,-41.691433,0
4,50.32051,12.993694,1
2,-21.120903,40.739254,1
4,0.17024866,0.9713018,1
4,41.74806,15.327975,1
4,28.303205,0.73517823,1
4,-6.7915993,-9.740552,1
1,-42.05263,23.547611,0
5,7.5703998,26.567955,0
2,-7.9587746,51.213474,1
2,-25.199041,-2.310769,0
2,-10.240131,48.908367,0
5,3.9265444,27.0911,0
4,48.570576,14.292726,0
1,-47.93316,-13.187039,0
4,32.73017,-34.33223,1
2,-4.0010405,57.71179,0
2,-8.532429,50.417557,1
6,-0.20377968,-51.926723,0
5,9.602522,8.902575,1
1,-52.056217,8.877706,1
4,30.717354,5.085948,0
2,-0.800209,59.917877,0
3,-2.9017124,-52.295452,1
4,3.3157969,-24.989265,1
2,-16.987694,41.274742,1
3,-4.8992414,-52.91831,0
4,48.72151,-15.642414,1
4,27.220182,-0.8863706,0
2,-22.33749,2.487325,1
4,54.519547,-1.1307293,1
4,2.3578966,-25.081436,1
4,-4.7139835,-6.424931,0
4,45.41292,-20.312435,0
7,37.717247,-29.307516,1
4,30.479818,4.476538,1
7,40.819176,-26.029118,0
4,30.294882,4.1809115,1
4,43.800774,15.463745,0
3,-9.009662,-54.029583,0
4,19.780409,-43.495693,0
4,49.970955,-13.933716,1
5,13.456295,17.983086,0
4,20.280142,-43.305515,0
2,-13.417791,15.142323,0
5,9.521016,8.820451,1
7,37.777958,-29.66049,0
5,6.6458516,5.6146097,1
4,20.320904,-12.061815,0
5,5.8515506,27.249903,1
5,6.3586006,26.782015,0
3,-0.57795733,-51.607056,0
4,1.6830063,-25.391497,1
4,-7.9597526,-13.789608,0
4,26.219015,-39.316517,1
5,-6.0630255,22.297249,1
1,-51.891285,3.8016331,0
4,-5.2008057,-5.4188495,1
4,21.48523,-10.8027935,0
4,-7.785426,-12.031964,0
5,13.317524,16.584623,1
2,-13.736972,14.361789,1
5,-3.8144326,23.951384,0
4,54.411015,-0.4733216,0
1,-51.00964,11.535729,1
1,-30.647797,-10.7435,0
4,46.37006,15.545729,0
5,13.450588,17.538551,1
4,52.247734,11.087908,0
4,48.6298,14.261955,0
6,15.879061,-46.0026,1
4,3.797026,2.7525055,0
2,-29.730572,34.364338,1
2,-4.974854,54.691082,0
6,5.7174845,-49.85853,1
1,-46.120068,-14.705927,1
4,17.262136,-45.097313,0
4,28.705221,1.3998138,0
2,-16.309475,11.098981,0
4,10.086623,-22.314257,0
4,50.570877,-12.288912,0
4,1.8245934,-13.210412,0
1,-41.758667,-16.617329,0
4,35.541824,-31.663454,1
2,-8.439731,48.971684,0
4,-7.795908,-12.870147,1
1,-41.126022,24.578175,0
7,40.619137,-26.428612,1
4,28.442911,0.9722145,1
4,42.089027,15.378903,1
5,-2.0756505,25.004156,0
4,40.521576,14.844598,0
4,54.706635,2.329755,0
1,-43.16373,22.681906,1
3,-9.526511,-53.649998,0
5,5.8437843,5.193213,0
1,-44.524902,-15.345874,0
1,-51.152344,-9.750408,0
4,-8.049545,-20.200943,0
4,49.6984,-13.569123,0
4,54.186886,-2.3618784,1
3,-5.434462,-52.923683,0
4,1.8128378,-13.248334,0
2,-18.462328,7.9576135,1
1,-26.386902,-4.134937,0
4,12.102525,-20.57994,0
1,-39.51255,24.341831,0
4,54.311882,-1.8817211,1
1,-51.440956,10.433296,0
3,-10.913707,-54.231453,1
1,-51.322586,-8.600289,0
5,5.6681046,27.27666,0
5,9.141435,25.764582,1
4,3.7908232,-25.0703,0
5,-10.576638,17.662586,1
5,7.578788,6.6358476,1
1,-34.255955,-14.597862,0
4,54.613792,0.9340926,1
4,26.823399,-1.267032,0
1,-52.505276,-5.859315,0
1,-52.440975,7.1353145,1
4,43.278053,-23.096693,0
4,54.130394,7.2925725,1
5,12.234252,22.404158,0
4,8.92759,-21.315783,1
4,-0.3961527,-1.365399,1
1,-45.328888,-15.29232,0
1,-34.326485,-14.660335,1
2,-6.228792,53.52716,0
1,-45.056366,-15.7135315,1
4,53.434547,4.5780044,0
6,0.07984657,-50.89363,0
4,18.941391,-44.224792,1
4,52.7731,-7.296299,1
4,-3.311113,-24.465002,0
4,54.57111,0.10571606,1
2,-12.906605,46.53464,1
2,-20.321207,41.157944,0
1,-52.92998,6.5113587,1
1,-53.214546,-2.7145603,1
4,54.686737,3.2535994,0
1,-49.00543,-12.048664,0
2,-1.1493095,58.88482,0
4,54.488636,5.9784985,1
1,-43.283737,22.373695,0
4,54.60463,-0.30578887,1
4,2.3033004,-25.491598,1
4,27.084978,-39.027946,1
2,-6.111804,53.612446,1
4,33.356438,-33.716026,0
4,31.112581,5.2108316,1
4,52.314724,-8.597495,1
1,-53.301212,-0.23576343,1
5,13.231055,16.155478,0
2,-7.5378823,51.65443,0
4,47.891,-16.943878,0
7,31.800121,-35.105785,1
6,12.668351,-47.720432,1
4,-3.2611163,-4.5266843,1
4,-7.95026,-18.814564,1
3,-13.068701,-54.944473,1
4,-8.308559,-14.733096,1
4,28.871948,1.7005817,0
4,44.76814,-21.15453,1
4,0.8167941,-0.13673659,0
1,-50.445072,-10.470644,0
4,53.096355,-6.383688,0
4,17.551554,-15.75243,0
4,22.471386,-9.168601,1
4,-1.0274534,-17.263113,0
4,0.67039514,-16.781683,0
2,-14.489113,45.543327,1
4,20.00092,-12.58301,0
3,-12.743146,-54.82398,0
6,4.651894,-50.37648,1
4,45.896225,15.119127,1
4,49.409184,-14.460786,1
1,-53.13161,-1.6985909,1
4,-0.688477,-17.624065,1
4,1.0597442,-25.323944,0
3,-2.179016,-51.95645,1
2,-20.82195,40.687565,0
4,38.535114,10.2146015,0
4,4.488379,-24.857544,0
2,-19.081955,41.85052,1
2,-17.013304,10.522314,0
4,-4.9491477,-6.698869,0
5,-8.505785,20.038645,1
5,8.41693,7.561768,0
4,19.91835,-43.932137,1
1,-52.031662,8.950904,0
5,13.033473,20.713903,1
1,-28.513147,-7.729088,1
4,46.355854,15.536721,0
4,54.66792,4.584393,0
6,7.62959,-49.52329,0
1,-27.980906,-7.15261,1
1,-42.59443,23.088018,0
5,7.3084126,26.739466,1
4,16.266867,-17.055958,0
5,5.3190985,3.926991,1
5,10.319399,24.86393,1
7,32.67232,-34.07038,1
5,0.2679328,26.11825,1
4,22.968218,-7.8307514,0
4,34.43731,-32.483967,1
4,-7.5799484,-11.659787,1
1,-47.52093,17.884928,1
4,25.801258,-2.162928,0
4,42.1832,15.392833,1
4,6.1275806,-24.229,1
2,-17.274086,43.55218,1
2,-0.50080013,60.161858,1
5,6.3217454,27.15209,0
6,15.630683,-46.168743,0
4,20.19303,-13.070052,1
2,-7.916087,51.201576,0
4,42.35348,-24.350708,0
4,-6.4002023,-22.246332,1
4,34.210762,-32.944016,0
6,14.39619,-44.829144,0
1,-52.25223,-6.6982894,0
4,46.814438,-18.350073,1
4,-8.486223,-19.001678,0
1,-27.12737,-5.9282327,1
5,3.4482691,20.676443,1
4,51.49206,-10.441211,1
5,11.603327,12.288391,1
4,-2.3301501,-3.4514127,1
2,-17.403221,9.902101,0
4,37.566006,-29.661135,0
4,8.900459,-22.892092,1
4,42.859314,-23.929268,1
2,-10.768874,48.467075,1
2,-24.84874,-1.3596328,0
1,-49.334362,14.88421,1
2,-23.783766,38.675026,1
5,12.837592,14.608927,1
2,-21.927475,40.051514,0
2,-16.860077,43.729923,0
4,46.817513,-18.349684,1
5,13.439145,18.908842,0
4,0.3799622,-0.72048455,1
7,37.991413,-29.416534,0
2,-13.724647,14.835057,1
2,-11.97713,16.527567,1
4,-1.1151468,-25.08352,0
7,41.67131,-24.982027,1
2,-7.1729956,52.04723,1
3,-1.8726494,-52.177673,1
4,3.4636478,2.4385142,1
4,-5.1246552,-6.9481387,0
2,-18.090315,8.616259,1
1,-44.879555,-15.842115,0
4,42.524582,15.435797,0
4,54.381687,-0.5323577,0
2,-1.6316628,58.92954,1
4,-8.437016,-17.369404,1
5,12.748037,14.3239,0
3,-13.129172,-54.961704,1
2,-28.003202,35.776993,1
1,-31.749958,-12.048987,1
4,51.064236,12.388062,1
3,-1.344214,-52.08688,0
1,-49.08164,-11.954509,0
4,-7.5514603,-20.694252,1
4,54.67983,1.4224882,0
4,21.073635,-42.950474,0
4,29.470745,2.7585287,0
2,-25.649673,-2.5879912,1
6,15.051582,-46.39471,1
2,-13.267356,14.948203,0
3,-4.525703,-52.490353,1
1,-52.02591,-7.480037,1
5,6.087417,4.58433,1
5,-2.5684946,24.735546,0
4,-5.5041504,-7.281827,0
3,-3.6008332,-52.478176,0
2,-20.4429,5.800836,1
4,53.639473,-5.213413,0
1,-51.521557,10.290511,0
4,36.090874,12.446422,1
1,-44.118122,14.768481,0
4,33.674023,9.510048,1
4,38.554173,-25.491385,1
1,-42.579563,-16.45071,1
1,-47.566643,17.631754,0
2,-21.517134,40.37686,0
4,36.034412,12.39862,0
3,-4.8991303,-52.578712,1
2,-6.3406916,52.61998,1
4,-6.1936574,-22.21303,0
1,-32.23655,-12.498283,1
2,-15.817935,44.53676,1
2,-25.66293,-3.1127436,1
1,-29.524311,-9.36661,1
2,-38.20993,27.180817,0
4,16.42391,-16.886713,1
1,-39.335484,-16.349825,1
4,34.83409,-32.633274,1
1,-27.709663,-6.8733664,0
5,7.658158,26.540602,1
4,25.71949,-39.68902,0
1,-29.207397,-8.836966,0
1,-51.529297,10.642063,1
5,12.922015,20.916985,0
4,30.32306,-36.276604,1
6,5.8806005,-49.842823,1
4,42.578064,-24.258732,0
4,42.062473,-24.57188,1
4,54.22654,7.138238,1
4,46.76366,-18.72491,1
4,-0.104951,-15.872804,0
1,-37.662003,-8.963991,0
4,24.38575,-5.978693,1
1,-44.682983,16.56976,1
1,-37.82365,-9.180397,1
5,12.560478,21.742811,0
4,33.05806,8.702474,0
5,5.1651964,27.28049,1
2,-18.749033,42.227795,1
4,-0.28595904,-1.251514,0
4,51.022736,-11.552307,0
4,46.56716,14.960675,0
2,-21.022694,39.638058,1
5,3.2166207,22.072073,0
2,-13.0080185,46.435272,0
1,-50.09166,3.2505953,1
4,-3.6385608,-4.9746943,0
1,-40.784927,25.005909,0
3,-9.430364,-53.61135,1
4,45.818687,-15.20245,0
1,-37.11462,-15.687459,0
2,-6.9774737,56.672653,0
5,13.39156,17.044716,1
2,-21.380001,4.3912234,0
4,16.536396,-16.781982,0
1,-49.88553,14.687955,1
2,-14.718051,45.38245,1
4,43.193634,-23.168003,1
5,13.396818,18.736944,0
5,-6.5579805,21.916645,1
3,-10.650764,-54.176487,0
2,-33.624287,31.169727,1
1,-52.37112,-6.2801194,1
4,18.917236,-14.261185,1
2,-33.023483,31.437012,1
4,53.19648,-6.133167,0
4,53.961132,7.773824,0
7,41.78784,-24.921343,0
4,33.454315,8.78997,1
1,-31.05964,-11.269448,0
4,9.85689,-22.412125,1
5,0.94713795,26.583982,1
4,-3.9079149,-24.086859,1
1,-49.54843,-11.482033,1
1,-45.01698,-15.7580185,1
7,38.68635,-28.543127,1
4,0.7650283,-25.312145,1
1,-37.150883,-11.165466,0
1,-40.04521,25.666836,0
4,-8.365532,-19.36109,0
4,-5.7596335,-7.7647104,1
4,20.867897,-11.858745,1
4,28.715414,1.488863,1
4,44.98113,15.427855,0
1,-27.76679,-6.3718696,1
4,48.38012,-16.230465,1
4,28.831175,1.6287154,1
1,-37.876484,-9.082625,0
4,3.5913534,-25.164062,0
1,-39.773823,25.91749,1
4,9.331916,-7.1279755,0
2,-23.347643,38.997807,1
5,5.808441,4.305778,0
2,-25.683903,37.48366,1
4,47.857994,14.7421055,0
4,45.624073,-20.162455,1
5,4.9255266,3.5405796,0
4,21.870659,-42.420055,1
4,20.701923,-12.546939,0
4,40.605637,15.175867,0
4,26.614597,-1.8604629,0
4,37.596764,13.675207,1
5,11.872199,12.652757,0
5,10.460629,17.029173,1
3,-4.3151355,-52.83929,0
5,8.891688,8.105534,1
1,-44.3365,-15.685196,1
5,9.012499,8.233953,0
4,-8.330714,-14.865616,1
1,-53.1784,4.349985,0
5,12.052791,22.711985,0
4,12.023134,-20.643877,1
5,4.9729323,27.165668,1
4,47.566784,14.868384,1
4,46.253757,-19.2372,1
1,-46.985115,18.545963,0
1,-30.683784,-10.79034,1
4,25.095322,-4.7856827,1
2,-12.518622,15.685415,1
5,11.59969,12.27799,1
4,43.070564,15.465429,1
2,-21.19737,4.7543936,0
1,-52.947094,6.0481114,0
4,2.5800004,-1.1096793,0
5,13.380314,19.713102,0
3,-6.5386147,-53.183826,0
1,-36.73982,-9.675334,0
2,-21.224882,40.57988,1
1,-49.77888,-11.612454,1
4,54.67665,1.3812077,0
4,52.647694,-7.6306777,0
4,50.061825,-13.516789,1
1,-45.92419,19.688757,1
4,51.92151,-9.587806,1
4,48.398426,14.412588,1
4,47.067272,-18.052893,0
5,10.975636,10.684782,0
6,1.5689456,-51.147842,1
4,38.223427,10.205073,0
4,23.774006,-41.09328,0
4,-7.419792,-11.232026,1
1,-42.77866,-16.203228,0
1,-42.93711,22.674675,1
6,4.2685194,-50.523304,1
4,-8.238912,-19.857706,1
4,51.04048,-11.5471115,1
1,-47.32882,18.211552,0
2,-15.64644,12.300333,1
2,-27.602427,35.67336,0
2,-26.943205,36.196228,1
2,-18.112574,8.558136,1
1,-52.619358,6.1823936,1
4,35.326008,11.72341,0
4,28.21418,0.5888503,0
4,45.447918,15.40095,0
5,11.995844,11.903692,0
1,-48.332916,16.62038,0
4,16.394094,-9.594923,0
2,-10.051515,49.110256,1
4,50.44479,13.134879,1
4,52.74201,-7.3652706,0
4,-6.3173184,-8.946359,1
4,46.80556,-18.53878,0
4,25.655886,-3.823683,0
4,49.072998,-15.004701,1
5,-9.067101,19.529238,0
4,54.552944,-0.12559333,0
5,-6.209364,22.193737,0
1,-45.072,-15.173049,0
4,1.8511811,-25.253727,1
4,19.749714,-13.049585,0
4,54.671005,1.3454155,0
4,8.92421,-21.315708,1
1,-39.317493,-16.33033,1
4,24.107077,-6.454144,1
4,46.05903,-19.813536,1
4,54.49756,5.857624,0
5,8.47629,7.6272755,1
2,-22.582537,2.8977976,1
4,39.823948,10.160678,0
4,51.1057,-11.4757595,0
4,27.63094,-0.42789397,0
4,-0.008296097,-1.0564852,0
5,11.228516,11.117512,1
5,8.376863,9.791491,1
1,-51.79959,-7.9780416,0
4,0.88834953,-0.04315329,0
4,29.90672,3.5039277,0
1,-38.082924,-15.995949,0
2,-20.532299,9.516798,0
4,22.506804,-9.125946,0
5,12.237137,13.235307,1
4,-8.464794,-18.51755,0
1,-26.60993,-4.510222,1
4,-4.301179,-6.2038994,0
1,-43.80522,21.960402,1
4,52.1518,11.082132,1
2,-33.327618,31.579674,1
4,52.943462,-6.845848,1
5,7.6501503,26.542677,1
4,50.574368,-11.965506,0
5,-2.8598917,24.567884,0
1,-50.950703,11.714456,0
1,-34.30006,-14.003773,0
1,-49.97521,14.412693,1
4,49.567703,13.687202,0
1,-49.06089,-10.343886,1
1,-51.958656,-7.5656,0
1,-50.70676,-9.644123,0
1,-33.32488,-13.486489,0
4,-3.1400008,-4.376216,0
4,48.599464,-15.890036,0
4,50.709904,-11.724409,0
2,-26.1013,37.22862,0
2,-19.917173,41.210487,0
2,-14.145221,14.134594,0
2,-6.4900203,53.172203,0
1,-49.99242,13.876265,1
4,42.588516,15.441865,1
6,7.1102977,-49.603336,0
5,-7.7165895,20.446867,0
4,24.2719,-6.1706967,0
2,-36.464714,28.825037,1
4,-5.2960687,-7.5604076,0
1,-27.936655,-7.1205006,1
5,13.229877,19.004316,1
4,17.11892,-9.25623,0
2,-18.162878,42.871758,1
5,-8.299097,20.621876,1
4,-7.950484,-18.717403,0
6,9.641625,-48.697388,1
4,32.27134,7.651547,1
1,-36.27283,-15.264525,1
5,9.520953,8.820498,1
2,-21.043966,4.951934,0
2,-17.573257,42.9922,0
2,-25.49207,36.86572,1
1,-53.301434,3.4075754,0
4,32.765285,-34.30817,1
4,32.03962,7.299323,1
3,-4.4093137,-52.875908,0
4,46.27669,-18.846962,0
4,53.550537,8.657437,1
4,31.425022,5.911271,1
4,-1.2813586,-25.079948,1
4,-5.338324,-23.144,1
5,11.199956,21.54033,0
1,-37.37029,-11.254963,0
4,-1.8050879,-24.817759,1
5,5.3675365,4.709579,0
1,-29.6518,-9.697633,0
2,-3.191209,56.852207,0
1,-42.174644,-16.115726,0
4,31.30635,-34.084576,0
5,5.534736,4.132388,1
4,0.009655677,-15.296011,0
4,-1.0034479,-2.0136578,1
2,-16.834345,11.010181,0
4,-8.016434,-13.976615,1
5,-8.050383,20.837866,1
1,-52.831367,-4.527318,0
4,37.18831,13.050859,1
4,20.902048,-12.152836,0
5,-6.025644,22.335018,1
5,-5.0531244,22.9483,0
2,-12.859816,15.873773,0
1,-52.966114,-3.9417067,0
4,52.558002,10.568159,0
4,36.642036,-30.622631,1
4,29.875849,-36.642376,1
1,-53.227882,-0.8359863,0
4,0.3577551,-0.73616004,0
3,-10.634905,-54.169655,1
4,53.387497,-5.4135637,1
1,-53.657845,-1.2734934,0
1,-50.892986,11.909462,1
2,-10.71718,48.505898,1
2,-34.827805,30.16813,1
2,-12.072388,16.424738,1
2,-15.856404,44.506683,0
4,22.051834,-42.29922,1
1,-30.776054,-10.944658,0
2,-10.979239,56.851612,0
1,-52.783615,7.1046815,1
4,45.51485,-20.200554,0
4,17.340067,-9.074042,1
1,-53.462658,-1.9092779,1
1,-49.424202,14.245056,1
6,11.219947,-48.081066,0
5,-0.61699986,25.7246,1
7,39.745224,-25.739222,0
2,-15.875224,44.490864,0
4,15.444656,-18.152302,1
2,-24.398348,-0.59845877,1
2,-1.2461693,59.239956,1
4,53.299213,-5.8140106,0
4,-1.4769626,-2.5106936,1
7,39.701607,-27.452198,1
2,-14.713478,13.416722,0
5,9.820543,9.174486,1
1,-51.530544,-8.971602,1
2,-24.079292,-0.036313053,0
4,-0.03712065,-0.7483348,0
5,12.440969,13.158139,1
2,-0.49354592,60.17863,1
4,25.324411,-4.394944,0
4,50.265804,-12.868867,0
1,-53.327984,3.0951097,1
2,-9.0776005,50.073826,1
2,-1.1803116,58.817818,1
4,45.366135,-20.361454,0
4,54.701412,1.9933298,0
4,9.766365,-22.189877,1
4,50.225914,-12.950981,1
3,-10.821168,-54.23098,1
3,-4.4636993,-52.47185,1
5,13.453689,17.819324,0
2,-13.447243,46.30984,0
4,43.52327,15.467461,0
4,-1.2433784,-16.955835,1
2,-13.012545,46.838276,0
2,-31.681358,32.813107,0
1,-52.839382,5.4201446,0
7,37.614254,-29.424913,0
4,18.263159,-14.999512,1
4,40.53548,14.852643,0
1,-52.151337,-7.284285,1
4,10.380736,-21.57304,0
2,-36.230747,28.757326,1
4,38.34442,14.080752,0
4,14.236107,-18.830257,0
5,12.453519,21.981054,1
2,-23.53797,0.90056956,0
5,1.5425144,26.718636,1
4,17.203514,-16.107986,0
4,0.17865793,-16.452473,0
3,-6.0467587,-53.068623,0
2,-13.350554,46.6288,1
4,27.538727,-38.186195,1
2,-6.8276563,52.769077,0
6,16.113308,-45.87611,0
4,44.41947,-21.602833,0
4,13.288883,-19.62074,1
2,-1.6316355,58.929535,1
2,-9.121878,50.033676,0
4,54.3287,-0.99086326,0
5,-5.469674,22.79729,1
4,29.466684,-36.977306,1
4,34.815254,-32.649746,1
1,-53.219696,-1.9159954,1
4,15.518562,-18.081121,0
2,-3.8456688,56.18581,1
4,26.615957,-2.3838346,1
5,11.222371,11.111806,1
4,-3.871119,-5.296701,0
4,48.441883,-16.114235,1
4,23.72309,-41.13155,0
4,25.694468,-39.710617,0
4,1.8838853,1.0245261,1
6,9.235623,-48.8476,1
1,-34.83477,-14.258358,0
5,13.388424,19.901913,0
1,-51.50002,-9.055415,0
4,-8.387246,-18.033157,1
2,-6.571588,52.445633,0
4,19.785751,-13.253979,0
4,35.49337,11.956889,0
4,15.623212,-17.319437,1
5,13.383617,17.006836,1
4,42.50862,-23.656332,1
5,6.8242936,26.966057,0
5,10.468519,10.02181,0
4,-7.8550878,-19.58202,1
2,-13.53005,14.741795,1
4,29.629135,-36.84293,0
4,27.94988,0.12815763,1
5,8.882805,25.917898,0
4,38.037766,-25.508438,1
1,-42.87171,-16.197048,0
2,-26.795908,36.634464,1
4,34.78813,-32.173103,0
7,38.126312,-29.103746,0
1,-50.201546,4.0554075,1
2,-16.961897,43.602543,0
5,5.3078837,4.6092157,1
5,-1.3505588,25.375563,1
2,-19.042273,7.531291,0
5,12.310881,12.68993,0
5,5.678282,5.121306,0
4,-6.7931585,-9.74905,1
1,-43.553623,14.8352165,1
1,-53.60777,-1.3469067,0
3,-13.83556,-55.185722,0
5,-5.111297,23.324516,0
4,-8.049545,-20.200947,0
1,-48.578728,16.232132,0
7,33.499527,-33.568913,0
2,-19.082972,41.84983,0
7,42.010868,-24.842127,1
5,9.051822,25.815847,0
2,-2.3197715,57.8953,0
4,23.145777,-41.497135,0
6,10.586448,-48.33185,1
5,1.4922911,26.403528,1
1,-53.082714,-3.3582935,0
4,28.329876,0.7685312,1
4,-1.5199236,-2.5593686,0
4,53.061596,-6.496094,1
2,-2.7640839,57.41419,1
2,-8.232711,50.619976,0
4,47.015064,15.289195,0
5,-4.6309648,23.65759,0
4,46.43733,-19.177296,1
1,-44.498837,21.232374,1
2,-19.102684,42.218536,0
6,4.129686,-46.57731,0
4,49.94098,-13.982678,1
4,18.268799,-14.989764,0
4,31.708153,6.483733,1
2,-17.44433,43.362732,1
4,54.704292,2.8243396,1
7,37.951305,-29.517794,1
4,31.756382,-35.137894,0
5,-4.380957,23.769838,1
3,-3.8958027,-52.441742,1
4,-2.1282628,-25.105165,1
2,-8.52061,50.816235,0
1,-34.715275,-14.141753,0
2,-25.239107,-2.3163044,1
4,32.622177,7.9893765,1
4,33.439007,9.230673,0
5,13.321259,16.618341,1
4,39.92183,14.8874035,0
2,-16.421227,11.662392,1
4,28.364546,-37.806393,1
3,-8.596604,-53.665802,0
4,20.817467,-12.382709,0
4,38.166386,14.003088,1
4,27.736525,-38.568336,0
4,1.4001076,0.546769,1
4,17.316685,-15.987673,1
2,-6.8656178,56.70045,0
2,-37.918865,27.452024,1
4,12.538891,-20.232727,1
5,2.3710396,26.83522,1
6,14.977432,-46.54047,0
1,-44.948933,-15.184925,0
2,-22.264706,3.033933,1
1,-39.089123,25.765045,1
1,-32.791286,-13.01463,0
4,42.904114,-23.2669,1
2,-12.626156,15.559288,1
4,23.215425,-8.404863,1
2,-12.504378,47.08763,0
4,23.477604,-41.284893,0
4,22.78094,-8.222823,0
1,-30.103958,-10.099167,0
4,54.256435,6.375432,1
4,-8.307376,-14.404038,1
4,36.580677,12.884907,1
1,-53.21248,-2.5905244,1
1,-42.514874,23.439667,1
4,-8.113804,-17.329723,1
4,-5.498826,-23.018438,1
6,9.73135,-48.663177,0
5,12.729305,14.257098,1
4,52.908966,-6.943405,0
1,-35.95163,-15.101122,1
6,3.536315,-50.67743,1
1,-42.204197,23.417591,1
1,-50.58388,-9.904245,0
4,19.55169,-13.537493,1
4,2.9882557,-25.40036,0
1,-52.555225,7.4443836,0
7,33.297832,-33.782734,0
2,-5.8663526,53.548103,1
4,40.00294,15.042816,0
2,-1.4389057,58.477432,1
4,52.334976,10.64824,1
5,1.0541844,24.834764,1
4,1.371921,-25.32727,1
1,-38.981327,24.264893,0
7,32.01189,-34.9366,0
2,-16.524221,11.578901,0
7,37.229134,-30.012577,1
2,-21.51733,4.13524,0
1,-53.10427,4.973168,0
1,-41.375843,24.49539,1
4,45.27331,15.407822,0
4,21.812838,-10.264918,1
1,-49.384335,14.289381,0
4,26.637539,-2.392086,0
4,53.311935,9.218952,0
1,-28.755058,-8.103697,1
1,-53.23199,-0.81417704,1
4,26.866491,-39.170223,0
3,-7.7067904,-53.457462,1
2,-13.055234,15.571101,1
2,-6.0879006,56.526806,1
4,20.44422,-43.440994,0
4,22.778404,-8.395506,0
4,-4.576392,-23.670948,0
4,-7.77248,-20.527971,0
4,37.81691,11.164866,0
1,-53.35547,2.7513463,0
2,-17.873507,9.285179,0
4,17.575747,-8.888245,1
4,-7.6054873,-12.569126,1
4,29.345808,2.5354223,0
4,54.60501,5.144364,1
5,1.9711938,26.739475,1
4,49.294132,13.851047,0
5,1.0273501,26.637856,1
2,-8.440172,48.970615,0
4,0.00969885,-15.266008,1
1,-50.391994,-10.545762,1
1,-41.87686,-16.604296,0
5,10.005397,25.13619,1
2,-26.476002,36.94876,1
4,10.778291,-21.445784,1
4,47.72115,-17.17204,0
1,-52.41092,-6.2157793,1
2,-25.650011,-2.5879712,1
5,-5.5005307,22.717083,0
1,-49.345173,-12.147299,1
4,6.344598,-24.13257,1
4,37.379253,13.511881,1
4,44.980743,-20.87776,0
5,11.11828,10.96387,0
4,10.250415,-21.65086,1
4,25.931353,-2.1629713,1
1,-52.31848,-6.6473446,1
4,18.898886,-14.279673,1
5,13.433719,18.312647,0
4,52.45559,-8.137257,1
4,10.7064905,-21.9848,1
4,35.54181,-31.663452,1
5,-5.4332843,22.850788,0
2,-14.257222,13.938367,0
4,8.1136,-23.377157,0
6,0.46848026,-51.52867,0
6,15.569364,-46.154488,1
4,43.26475,-23.32572,0
5,9.531931,8.837245,1
4,-2.8471067,-24.540152,1
2,-4.451003,55.377346,0
1,-52.28439,8.222888,1
4,26.770153,-1.3739438,0
4,23.887396,-41.014942,0
2,-20.990906,5.0282345,1
3,-9.957108,-53.78994,1
4,22.428944,-42.028202,1
2,-22.64244,4.6408777,0
3,-8.779525,-53.919,1
4,31.757612,-35.136967,1
4,35.036213,11.297722,1
2,-25.384071,36.834,1
4,30.918907,-35.798477,1
1,-49.950226,14.200363,0
7,37.334866,-29.920853,1
2,-18.262,8.365134,0
4,16.035006,-17.56824,1
5,13.080188,19.989067,1
2,-16.767141,11.248796,1
4,19.543764,-43.8325,1
4,34.96213,11.19931,1
2,-12.17791,16.364412,0
1,-38.094242,-8.441418,0
3,-1.3853121,-51.65936,0
4,28.986448,-37.374477,0
1,-35.951504,-15.101018,1
4,3.0286615,-25.402529,0
4,46.220634,-14.819676,0
5,13.256911,20.244839,1
5,4.153429,27.119173,1
5,12.247668,12.293719,0
1,-40.11325,-16.277235,0
6,12.858565,-44.944218,0
1,-40.23528,25.50862,0
1,-50.817776,12.043101,1
4,26.467192,-39.416386,0
2,-10.711536,48.522743,0
1,-29.875216,-9.543435,0
2,-16.141817,11.37829,0
6,3.3788612,-50.72999,1
1,-40.904068,24.887688,1
1,-45.865326,19.74827,1
5,-4.5261683,23.28984,0
5,8.799159,25.96801,0
4,32.18168,7.0426645,0
6,16.413128,-45.713867,1
4,51.890884,-9.63615,0
4,53.355125,-5.5616593,1
5,-4.4692783,23.318796,1
1,-33.10846,-13.288615,1
2,-20.590782,5.594695,0
4,53.25844,9.0914,0
2,-36.431732,28.938608,1
2,-0.9766938,59.44352,0
6,14.124224,-47.031116,0
4,-7.6041627,-19.987505,1
3,-11.813973,-54.523243,0
3,-1.3414798,-52.085762,1
4,31.529785,6.223701,1
2,-13.340969,46.646263,0
2,-0.63351166,59.656013,1
4,19.496958,-43.691727,1
5,3.6049979,27.050747,0
2,-4.5531464,55.268402,1
5,6.3412375,5.2264566,0
2,-17.15282,10.262731,0
5,-7.633046,21.258953,1
4,17.613815,-44.940067,0
4,-0.04452955,-15.611095,0
4,20.840408,-43.083828,0
5,13.205212,19.231236,1
4,53.507664,-4.8037376,0
4,51.36907,-10.909489,1
4,29.213715,-37.099617,1
2,-24.976553,-1.6378186,1
2,-30.655588,33.63334,1
6,12.646055,-47.47282,1
5,9.015639,8.239274,1
2,-16.060114,11.744403,1
5,13.073108,19.95981,0
4,-8.407271,-13.851898,1
4,42.853817,-23.92546,0
5,8.126166,7.2340436,1
2,-37.60204,27.7218,0
4,9.380778,-22.52111,1
1,-49.695942,13.9744625,1
4,-7.595566,-12.355978,0
5,13.225216,16.119303,0
4,-1.356796,-25.088783,1
2,-34.395973,30.536411,1
4,-2.9968953,-24.735641,1
2,-17.545898,43.053535,0
4,28.399006,-37.656143,0
1,-53.582188,-0.079225115,1
4,4.674654,-24.78737,1
4,25.996407,-40.05574,0
6,1.137915,-51.255177,0
4,-0.50760764,-23.826174,1
4,0.48287597,-25.284277,0
4,-7.0610466,-10.381102,1
6,6.752522,-50.12573,1
6,14.603407,-46.76149,0
2,-27.260935,35.95065,1
2,-15.226374,44.979733,1
6,5.155209,-50.029743,0
3,-7.021441,-53.295258,1
1,-33.59977,-13.733774,0
4,8.018076,-23.198414,1
1,-29.005623,-8.485325,1
5,3.606864,22.051754,0
4,39.527557,14.710608,1
1,-53.352036,2.8010867,1
1,-47.757076,17.43946,1
3,-8.928869,-53.494278,0
2,-23.817102,0.41306978,0
4,26.75368,-2.3575058,1
2,-5.9341807,53.03225,0
2,-25.944653,-3.109821,0
4,47.894302,-16.937912,1
2,-5.095926,54.51986,1
6,0.70896584,-51.408398,0
4,54.321243,-1.6480945,0
4,6.665509,-23.986002,0
1,-53.06528,-3.454332,1
4,51.3,-8.973331,1
4,-6.00098,-8.350975,0
5,-7.933191,20.25261,0
1,-27.31081,-5.4897494,1
5,13.077799,20.642075,0
4,-0.59619975,-25.174994,1
4,54.181126,6.7172484,1
1,-48.80622,15.873778,0
6,10.674668,-48.299805,1
2,-19.859182,41.691856,1
6,4.167526,-46.563484,0
4,-6.0166235,-22.637426,1
4,4.0013304,-24.997189,1
2,-12.069005,16.42768,0
4,0.64223677,-0.40775484,1
4,52.116318,10.931607,1
3,-9.977847,-53.809223,1
4,54.704197,3.3329244,0
4,53.8073,-3.9528048,0
1,-44.77469,20.937305,0
4,-7.0028944,-10.222243,0
1,-42.890858,22.980951,0
3,-12.444812,-54.73647,0
4,9.331135,-7.1281433,0
7,40.81836,-26.167377,0
4,51.455585,11.96204,1
1,-30.285545,-10.331346,1
3,-6.757182,-53.230377,0
4,19.274487,-44.061497,0
2,-20.186579,6.125832,1
4,4.541963,-24.835363,0
1,-46.104908,-14.691203,1
4,-7.3331685,-11.046437,0
4,-6.498468,-9.251439,1
2,-12.904927,46.813747,1
5,1.297012,26.727686,1
6,7.644307,-49.360714,1
4,54.54405,5.5960274,1
5,5.759254,5.158091,0
4,52.620106,-7.708254,0
2,-27.26097,35.950706,1
4,54.523933,6.6281,0
4,18.636818,-14.590675,1
4,37.96646,10.308367,1
1,-45.445,20.208567,1
1,-50.46227,-10.406323,0
2,-25.854183,-3.2240403,1
1,-53.06452,-1.1704044,0
6,5.722135,-49.863125,0
2,-2.7510247,57.295082,1
3,-12.147745,-54.637657,1
